{
  "generated": "2026-06-27T07:45:08Z",
  "method": "Campbell (1981) GMPE · PGAmax · Delaunay triangülasyon",
  "source_pts": 1928,
  "valid_px": 112500,
  "total_px": 112500,
  "coverage_pct": 100.0,
  "grid_w": 500,
  "grid_h": 225,
  "pga_min_g": 0.00044999999999999993,
  "pga_max_g": 0.11818412396221056,
  "pga_norm": [
    0.0,
    0.4
  ],
  "bounds": {
    "minlat": 34.0,
    "maxlat": 43.0,
    "minlon": 25.0,
    "maxlon": 45.0
  },
  "colormap": "mavi(0g) → sarı(0.22g) → koyu kırmızı(≥0.4g)"
}