{"type":"FeatureCollection","metadata":{"source":"USGS/Smithsonian \"This Dynamic Planet\" plate boundaries","note":"Converted from plate-boundaries.kmz (USGS Earthquake Hazards Program)"},"features":[{"type":"Feature","properties":{"name":"Africa:Eurasia"},"geometry":{"type":"MultiLineString","coordinates":[[[12.4706,37.6656],[11.1286,37.2658],[10.1864,36.8518],[8.3875,36.3236],[6.6314,35.7382],[4.9325,35.4241],[3.8332,35.4384],[2.6482,35.3956],[1.2063,35.3242],[-0.5212,35.3099],[-1.3207,35.3813]],[[-4.143,34.3023],[-5.2775,34.5245],[-6.3652,34.9105],[-6.95,35.4368],[-7.1021,35.7292],[-6.9968,36.0567],[-6.8799,36.3725],[-6.4237,36.7],[-5.3009,37.2146],[-4.2483,37.6474],[-3.0073,37.8142]],[[12.4706,37.6656],[11.1286,37.2658],[10.1864,36.8518],[8.3875,36.3236],[6.6314,35.7382],[4.9325,35.4241],[3.8332,35.4384],[2.6482,35.3956],[1.2063,35.3242],[-0.5212,35.3099],[-1.3207,35.3813]],[[16.8657,40.331],[17.4653,39.7885],[17.9222,39.3173],[18.3933,38.7748],[18.6217,38.2323],[18.6788,37.4614],[18.479,36.8903],[17.965,36.4049],[17.2226,36.205],[16.3517,36.2336],[15.7236,36.5048],[15.3381,37.1044]]]}},{"type":"Feature","properties":{"name":"African:Antarctic"},"geometry":{"type":"MultiLineString","coordinates":[[[69.96,-25.651],[69.49,-25.676]],[[69.49,-25.676],[69.46,-25.782]],[[69.46,-25.782],[69.138,-25.784]],[[69.138,-25.784],[69.15,-25.993]],[[69.15,-25.993],[68.829,-26.009]],[[68.829,-26.009],[68.82,-26.141]],[[68.82,-26.141],[68.598,-26.121]],[[68.598,-26.121],[68.622,-26.263]],[[68.622,-26.263],[67.979,-26.291]],[[67.979,-26.291],[67.962,-26.583]],[[67.962,-26.583],[67.433,-26.572]],[[67.433,-26.572],[67.424,-26.87]],[[67.424,-26.87],[67.156,-26.867]],[[67.156,-26.867],[67.129,-27.269]],[[67.129,-27.269],[66.373,-27.281]],[[66.373,-27.281],[66.359,-27.514]],[[66.359,-27.514],[65.348,-27.514]],[[65.348,-27.514],[65.332,-27.812]],[[65.332,-27.812],[64.467,-27.817],[63.604,-27.831]],[[63.604,-27.831],[63.621,-28.039]],[[63.621,-28.039],[63.194,-28.021]],[[63.194,-28.021],[63.211,-28.164]],[[63.211,-28.164],[62.703,-28.153]],[[62.703,-28.153],[62.746,-28.458]],[[62.746,-28.458],[62.135,-28.49]],[[62.135,-28.49],[62.162,-28.811]],[[62.162,-28.811],[61.518,-28.777]],[[61.518,-28.777],[61.532,-28.92]],[[61.532,-28.92],[60.81,-28.931]],[[60.81,-28.931],[60.786,-29.465],[60.762,-29.999]],[[60.762,-29.999],[60.747,-30.014]],[[60.747,-30.014],[60.763,-30.531]],[[60.763,-30.531],[60.005,-30.561],[59.188,-30.567]],[[59.188,-30.567],[59.167,-31.05]],[[59.167,-31.05],[58.53,-31.055]],[[58.53,-31.055],[58.456,-31.691]],[[58.456,-31.691],[57.8,-31.722],[57.153,-31.771]],[[57.153,-31.771],[57.122,-32.303],[57.091,-32.835],[57.061,-33.554]],[[57.061,-33.554],[56.401,-33.627],[55.738,-33.653]],[[55.738,-33.653],[55.699,-34.235]],[[55.699,-34.235],[55.301,-34.287]],[[55.301,-34.287],[55.275,-34.561]],[[55.275,-34.561],[54.255,-34.542]],[[54.255,-34.542],[54.216,-35.302]],[[54.216,-35.302],[53.471,-35.517]],[[53.471,-35.517],[53.466,-36.141]],[[53.466,-36.141],[52.902,-36.153],[52.338,-36.162]],[[52.338,-36.162],[52.311,-36.797],[52.283,-37.432]],[[52.283,-37.432],[51.555,-37.442],[50.827,-37.451]],[[50.827,-37.451],[50.823,-37.58]],[[50.823,-37.58],[49.962,-37.597]],[[49.962,-37.597],[49.945,-37.79]],[[49.945,-37.79],[49.037,-37.792]],[[49.037,-37.792],[49.034,-38.0]],[[49.034,-38.0],[48.633,-38.014],[48.017,-38.478]],[[48.017,-38.478],[48.023,-38.651]],[[48.023,-38.651],[47.135,-38.764],[46.244,-38.87]],[[46.244,-38.87],[46.16,-39.494],[46.074,-40.119]],[[46.074,-40.119],[45.332,-40.109]],[[45.332,-40.109],[45.303,-40.366]],[[45.303,-40.366],[44.716,-40.369]],[[44.716,-40.369],[44.686,-40.691]],[[44.686,-40.691],[44.023,-40.671]],[[44.023,-40.671],[44.009,-40.915]],[[44.009,-40.915],[42.873,-40.85]],[[42.873,-40.85],[42.774,-41.32],[42.674,-41.79],[42.572,-42.26],[42.469,-42.73]],[[42.469,-42.73],[41.812,-42.655]],[[41.812,-42.655],[41.686,-43.117],[41.558,-43.579]],[[41.558,-43.579],[40.506,-43.438],[39.459,-43.286]],[[39.459,-43.286],[39.267,-43.726],[39.073,-44.165]],[[39.073,-44.165],[38.338,-44.055]],[[38.338,-44.055],[38.194,-44.401],[38.083,-44.619]],[[38.083,-44.619],[37.508,-44.875],[37.085,-44.804],[36.677,-44.92],[36.303,-44.966],[35.973,-44.961],[35.66,-44.866],[35.182,-44.855],[35.014,-45.106]],[[35.014,-45.106],[34.868,-45.466],[34.704,-45.971]],[[34.704,-45.971],[34.504,-46.222],[34.267,-46.212],[34.087,-46.09],[33.982,-46.081],[33.818,-45.979],[33.54,-46.346]],[[31.865,-47.201],[32.1212,-47.0037]],[[33.54,-46.346],[33.359,-46.806],[33.174,-47.264]],[[33.174,-47.264],[32.126,-47.0],[32.1212,-47.0037]],[[30.705,-49.011],[31.008,-48.587],[31.306,-48.163],[31.588,-47.682],[31.865,-47.201]],[[30.362,-49.215],[30.705,-49.011]],[[15.822,-51.787],[15.428,-52.084],[15.112,-52.307]],[[15.112,-52.307],[14.463,-51.997]],[[14.463,-51.997],[13.788,-52.477]],[[13.788,-52.477],[13.204,-52.141],[12.895,-51.963]],[[18.712,-52.553],[18.537,-52.734]],[[18.537,-52.734],[17.806,-52.467],[16.907,-52.169],[15.822,-51.787]],[[28.111,-52.904],[28.312,-52.54],[28.403,-52.277],[28.605,-51.772],[28.969,-51.137],[29.343,-50.507],[29.712,-49.933],[30.006,-49.611],[30.362,-49.215]],[[26.713,-52.378],[27.322,-52.547],[27.37,-52.673],[27.479,-52.771],[28.111,-52.904]],[[23.075,-53.098],[22.504,-53.051],[21.25,-52.909],[19.994,-52.817],[18.712,-52.553]],[[23.021,-53.2],[23.075,-53.098]],[[12.895,-51.963],[12.299,-52.375],[11.708,-52.783],[10.975,-53.332]],[[10.975,-53.332],[10.542,-53.065],[9.993,-52.792]],[[25.987,-53.582],[26.181,-53.429],[26.338,-53.065],[26.513,-52.62],[26.713,-52.378]],[[23.021,-53.2],[23.886,-53.309],[24.685,-53.422],[24.873,-53.345],[25.18,-53.444],[25.647,-53.41],[25.861,-53.48],[25.987,-53.582]],[[9.993,-52.792],[9.429,-53.233],[8.799,-53.668],[8.288,-54.033],[7.772,-54.396]],[[7.772,-54.396],[7.237,-54.101],[6.625,-53.814]],[[4.827,-54.162],[4.415,-54.43]],[[4.415,-54.43],[3.956,-54.127],[3.369,-53.834],[3.025,-53.651]],[[6.625,-53.814],[6.184,-54.114],[5.495,-54.543]],[[5.495,-54.543],[5.084,-54.309],[4.827,-54.162]],[[3.025,-53.651],[2.36,-54.037],[1.695,-54.399],[0.965,-54.832]],[[0.965,-54.832],[0.443,-54.451]],[[0.443,-54.451],[-0.039,-54.677],[-0.438,-54.852]]]}},{"type":"Feature","properties":{"name":"African:Arabian"},"geometry":{"type":"MultiLineString","coordinates":[[[36.79,37.398],[36.466,36.73]],[[36.466,36.73],[36.389,36.26],[36.413,36.023]],[[35.571,32.755],[35.648,33.232],[35.726,33.71],[36.024,34.096],[36.325,34.482],[36.396,35.285],[36.431,35.752],[36.413,36.023]],[[35.47,32.004],[35.571,32.755]],[[35.309,31.383],[35.47,32.004]],[[35.309,31.383],[35.142,30.702],[34.952,30.0],[34.8006,29.3643],[34.711,28.8264],[34.5467,28.3387],[34.257,27.885]],[[43.6722,12.0826],[43.254,12.6552],[43.0449,13.1241],[42.5072,13.6797],[42.2981,14.0737],[42.2683,14.5251],[42.0984,15.0499],[41.8283,15.5742],[41.4862,16.0274],[41.1261,16.6359],[40.676,17.1906],[40.2078,17.9333],[39.8117,18.5011],[39.4156,19.0841],[38.9294,19.5115],[38.4793,19.9378],[38.2092,20.3799],[37.975,21.021],[37.8671,21.5973],[37.8131,22.1351],[37.651,22.5539],[37.381,22.9046],[37.042,23.226],[36.6968,23.62],[36.407,24.133],[36.242,24.626],[36.066,25.055],[35.889,25.484],[35.546,25.919],[35.2,26.353],[34.875,26.808],[34.547,27.262],[34.257,27.885]],[[55.047,14.712],[55.108,14.851]],[[54.549,14.87],[54.731,14.801],[54.958,14.727],[55.047,14.712]],[[54.451,14.621],[54.511,14.76],[54.549,14.87]],[[54.069,14.772],[54.149,14.733],[54.193,14.71],[54.249,14.691],[54.287,14.681],[54.332,14.671],[54.387,14.64],[54.451,14.621]],[[55.108,14.851],[55.278,14.788],[55.48,14.729],[55.631,14.681],[55.668,14.722],[55.822,14.692],[56.057,14.641],[56.179,14.621],[56.208,14.643],[56.265,14.623]],[[52.667,14.561],[52.737,14.681]],[[52.139,14.689],[52.299,14.663],[52.547,14.597],[52.667,14.561]],[[53.211,14.538],[53.22,14.562]],[[52.737,14.681],[52.907,14.622],[53.122,14.559],[53.211,14.538]],[[53.862,14.351],[53.929,14.489],[54.018,14.657],[54.069,14.772]],[[53.22,14.562],[53.358,14.512],[53.579,14.441],[53.818,14.361],[53.862,14.351]],[[50.573,13.218],[50.661,13.362]],[[50.31,13.313],[50.429,13.273],[50.573,13.218]],[[50.167,13.123],[50.252,13.229],[50.31,13.313]],[[49.68,13.313],[49.849,13.251],[50.061,13.167],[50.167,13.123]],[[51.253,13.122],[51.343,13.272],[51.449,13.458],[51.57,13.667],[51.763,14.028],[51.94,14.353],[52.139,14.689]],[[50.661,13.362],[50.842,13.279],[51.079,13.192],[51.253,13.122]],[[49.472,13.008],[49.593,13.169],[49.68,13.313]],[[49.43,13.042],[49.472,13.008]],[[49.278,12.802],[49.349,12.897],[49.43,13.042]],[[48.882,12.908],[49.07,12.853],[49.278,12.802]],[[48.803,12.77],[48.882,12.908]],[[48.448,12.729],[48.567,12.691],[48.699,12.658],[48.803,12.77]],[[48.349,12.573],[48.448,12.729]],[[48.048,12.671],[48.142,12.641],[48.268,12.602],[48.349,12.573]],[[47.901,12.461],[47.991,12.581],[48.048,12.671]],[[47.649,12.519],[47.788,12.492],[47.901,12.461]],[[47.539,12.369],[47.588,12.441],[47.649,12.519]],[[47.161,12.463],[47.319,12.43],[47.539,12.369]],[[47.13,12.359],[47.161,12.463]],[[46.992,12.403],[47.049,12.388],[47.13,12.359]],[[46.849,12.211],[46.93,12.3],[46.992,12.403]],[[46.579,12.292],[46.717,12.248],[46.849,12.211]],[[46.429,12.087],[46.511,12.202],[46.579,12.292]],[[46.198,12.172],[46.311,12.142],[46.429,12.087]],[[46.11,12.058],[46.15,12.112],[46.198,12.172]],[[45.637,12.159],[45.65,12.152],[45.851,12.1],[46.11,12.058]],[[45.281,11.998],[45.328,12.052]],[[43.65,12.013],[44.049,12.008],[44.513,12.013],[44.78,12.022],[44.882,12.019],[44.913,12.012],[45.097,11.999],[45.281,11.998]],[[45.522,11.983],[45.602,12.073],[45.637,12.159]],[[45.328,12.052],[45.428,12.018],[45.522,11.983]]]}},{"type":"Feature","properties":{"name":"African:Australian"},"geometry":{"type":"MultiLineString","coordinates":[[[67.892,-2.888],[68.249,-2.54]],[[68.667,-3.771],[68.27,-3.351],[67.892,-2.888]],[[68.349,-4.118],[68.667,-3.771]],[[68.751,-4.549],[68.349,-4.118]],[[68.199,-5.042],[68.751,-4.549]],[[68.607,-5.472],[68.199,-5.042]],[[67.782,-6.259],[68.219,-5.891],[68.607,-5.472]],[[68.274,-6.811],[67.782,-6.259]],[[67.811,-7.253],[68.274,-6.811]],[[68.073,-7.648],[67.811,-7.253]],[[67.642,-8.027],[68.073,-7.648]],[[68.039,-8.492],[67.642,-8.027]],[[67.09,-9.27],[67.565,-8.881],[68.039,-8.492]],[[67.378,-9.63],[67.09,-9.27]],[[66.46,-10.35],[66.92,-9.99],[67.378,-9.63]],[[66.787,-10.762],[66.46,-10.35]],[[66.167,-11.21],[66.787,-10.762]],[[66.418,-11.559],[66.167,-11.21]],[[65.698,-12.019],[66.418,-11.559]],[[66.369,-12.833],[66.033,-12.426],[65.698,-12.019]],[[65.821,-13.268],[66.369,-12.833]],[[66.21,-13.777],[65.821,-13.268]],[[65.928,-13.979],[66.21,-13.777]],[[67.383,-15.942],[67.29,-15.821],[66.888,-15.27],[66.488,-14.698],[66.208,-14.339],[65.928,-13.979]],[[67.033,-16.139],[67.383,-15.942]],[[67.41,-16.659],[67.033,-16.139]],[[65.007,-18.058],[65.542,-17.783],[66.143,-17.45],[66.708,-17.09],[67.41,-16.659]],[[66.751,-19.87],[66.428,-20.078]],[[66.428,-20.078],[66.033,-19.577],[65.522,-18.828],[65.264,-18.443],[65.007,-18.058]],[[67.31,-20.073],[67.04,-20.218]],[[67.04,-20.218],[66.751,-19.87]],[[67.768,-20.28],[67.593,-20.369]],[[67.593,-20.369],[67.31,-20.073]],[[68.213,-20.291],[67.897,-20.469]],[[67.897,-20.469],[67.768,-20.28]],[[68.559,-20.712],[68.213,-20.291]],[[68.277,-20.878],[68.559,-20.712]],[[69.202,-22.088],[68.653,-21.449],[68.277,-20.878]],[[68.797,-22.387],[69.202,-22.088]],[[69.85,-23.709],[69.558,-23.373],[69.162,-22.83],[68.797,-22.387]],[[69.402,-24.04],[69.85,-23.709]],[[69.939,-24.678],[69.68,-24.369],[69.402,-24.04]],[[69.592,-24.97],[69.939,-24.678]],[[70.09,-25.483],[69.592,-24.97]],[[69.96,-25.651],[70.09,-25.483]]]}},{"type":"Feature","properties":{"name":"African:Indian"},"geometry":{"type":"MultiLineString","coordinates":[[[56.265,14.623],[56.819,14.302]],[[56.819,14.302],[56.762,14.208]],[[56.762,14.208],[56.903,14.141],[57.037,14.068]],[[57.037,14.068],[56.969,13.937]],[[56.969,13.937],[57.14,13.848],[57.299,13.772]],[[57.299,13.772],[57.301,13.74]],[[57.301,13.74],[57.478,13.643],[57.689,13.523],[57.81,13.451]],[[57.81,13.451],[57.733,13.309],[57.639,13.138]],[[57.639,13.138],[57.868,13.002],[58.239,12.745]],[[56.919,9.971],[57.138,10.434],[57.356,10.896],[57.576,11.359],[57.796,11.821],[58.017,12.283],[58.239,12.745]],[[58.063,9.532],[57.491,9.942],[57.261,9.681],[57.029,9.857],[56.978,9.857],[56.919,9.971]],[[58.018,9.45],[58.063,9.532]],[[58.263,9.293],[58.018,9.45]],[[58.148,9.09],[58.263,9.293]],[[58.43,8.863],[58.148,9.09]],[[58.251,8.647],[58.43,8.863]],[[58.918,8.167],[58.611,8.401],[58.251,8.647]],[[58.88,8.097],[58.918,8.167]],[[59.309,7.768],[58.88,8.097]],[[59.22,7.673],[59.309,7.768]],[[60.179,6.951],[59.7,7.312],[59.22,7.673]],[[60.038,6.767],[60.179,6.951]],[[61.657,5.49],[61.142,5.91],[60.67,6.31],[60.038,6.767]],[[61.529,5.262],[61.657,5.49]],[[63.002,4.108],[62.457,4.523],[62.0,4.911],[61.529,5.262]],[[62.868,3.893],[63.002,4.108]],[[63.388,3.7],[63.331,3.631]],[[63.331,3.631],[62.868,3.893]],[[63.89,3.602],[63.819,3.482]],[[63.819,3.482],[63.388,3.7]],[[64.682,3.299],[64.618,3.217]],[[64.618,3.217],[63.89,3.602]],[[65.489,3.299],[65.213,2.921]],[[65.213,2.921],[64.682,3.299]],[[66.38,2.752],[65.963,2.971],[65.489,3.299]],[[65.992,2.052],[66.179,2.393],[66.38,2.752]],[[66.673,1.621],[66.333,1.859],[65.992,2.052]],[[66.493,1.331],[66.673,1.621]],[[66.87,1.068],[66.493,1.331]],[[66.657,0.722],[66.87,1.068]],[[67.159,0.337],[66.657,0.722]],[[66.839,-0.039],[67.159,0.337]],[[67.209,-0.34],[66.839,-0.039]],[[67.023,-0.578],[67.209,-0.34]],[[67.662,-1.04],[67.023,-0.578]],[[67.367,-1.44],[67.662,-1.04]],[[67.929,-1.913],[67.367,-1.44]],[[67.788,-2.088],[67.929,-1.913]],[[68.249,-2.54],[67.788,-2.088]]]}},{"type":"Feature","properties":{"name":"African:South American"},"geometry":{"type":"MultiLineString","coordinates":[[[-45.13,15.267],[-45.947,15.36],[-46.766,15.451]],[[-45.037,12.68],[-45.049,13.336],[-45.061,13.992],[-45.142,14.026],[-45.136,14.647],[-45.13,15.267]],[[-44.262,12.626],[-45.037,12.68]],[[-44.278,12.101],[-44.262,12.626]],[[-43.884,12.085],[-44.278,12.101]],[[-43.921,10.927],[-43.903,11.506],[-43.884,12.085]],[[-41.087,10.787],[-41.559,10.812],[-42.031,10.837],[-42.504,10.86],[-42.976,10.883],[-43.448,10.906],[-43.921,10.927]],[[-41.083,9.979],[-41.087,10.787]],[[-40.861,9.973],[-41.083,9.979]],[[-40.865,9.389],[-40.861,9.973]],[[-40.64,9.373],[-40.865,9.389]],[[-40.652,8.841],[-40.64,9.373]],[[-40.12,8.815],[-40.652,8.841]],[[-40.141,8.215],[-40.12,8.815]],[[-38.221,8.14],[-38.701,8.159],[-39.181,8.179],[-39.661,8.197],[-40.141,8.215]],[[-38.207,7.703],[-38.221,8.14]],[[-36.865,7.654],[-37.536,7.679],[-38.207,7.703]],[[-36.851,7.401],[-36.865,7.654]],[[-36.058,7.363],[-36.851,7.401]],[[-36.047,7.023],[-36.058,7.363]],[[-35.367,6.935],[-36.047,7.023]],[[-33.624,6.618],[-34.494,6.616],[-35.363,6.614]],[[-35.363,6.614],[-35.367,6.935]],[[-33.62,6.104],[-33.624,6.618]],[[-33.514,6.076],[-33.62,6.104]],[[-33.507,5.649],[-33.514,6.076]],[[-32.978,5.647],[-33.507,5.649]],[[-30.962,4.061],[-31.437,4.036],[-31.912,4.011],[-32.387,3.986],[-32.862,3.96]],[[-32.862,3.96],[-32.92,4.804],[-32.978,5.647]],[[-30.736,1.643],[-30.811,2.449],[-30.887,3.255],[-30.962,4.061]],[[-30.027,1.607],[-30.736,1.643]],[[-26.474,1.159],[-27.315,1.062],[-27.831,1.007],[-28.347,0.953],[-29.21,0.849],[-29.92,0.797]],[[-29.92,0.797],[-30.027,1.607]],[[-25.029,0.614],[-25.659,0.556],[-26.289,0.498]],[[-26.289,0.498],[-26.474,1.159]],[[-16.037,-0.52],[-16.252,-0.556]],[[-16.252,-0.556],[-16.498,0.299]],[[-16.498,0.299],[-16.757,0.269],[-17.323,0.15],[-17.889,0.031],[-18.369,-0.073],[-18.85,-0.176],[-19.675,-0.333],[-20.49,-0.497],[-21.017,-0.588],[-21.544,-0.68],[-22.381,-0.796],[-22.935,-0.88],[-23.49,-0.964],[-24.051,-1.034],[-24.612,-1.103]],[[-24.612,-1.103],[-24.821,-0.245],[-25.029,0.614]],[[-15.565,-1.073],[-15.841,-1.143]],[[-15.841,-1.143],[-16.037,-0.52]],[[-13.158,-0.915],[-13.909,-1.108],[-14.659,-1.301],[-15.41,-1.493]],[[-15.41,-1.493],[-15.565,-1.073]],[[-12.164,-1.945],[-12.701,-2.099]],[[-12.701,-2.099],[-12.93,-1.507],[-13.158,-0.915]],[[-11.766,-3.972],[-11.898,-3.493],[-12.029,-3.013],[-11.834,-2.855],[-11.999,-2.4],[-12.164,-1.945]],[[-12.097,-4.103],[-11.766,-3.972]],[[-12.039,-4.587],[-12.097,-4.103]],[[-12.144,-4.609],[-12.039,-4.587]],[[-11.604,-4.942],[-12.019,-5.026]],[[-12.019,-5.026],[-12.144,-4.609]],[[-11.167,-5.377],[-11.516,-5.415]],[[-11.516,-5.415],[-11.604,-4.942]],[[-11.022,-5.93],[-11.167,-5.377]],[[-11.267,-6.02],[-11.022,-5.93]],[[-11.181,-6.755],[-11.267,-6.02]],[[-13.621,-7.367],[-12.807,-7.165],[-11.993,-6.961],[-11.181,-6.755]],[[-13.191,-8.374],[-13.357,-8.411]],[[-13.357,-8.411],[-13.489,-7.889],[-13.621,-7.367]],[[-13.023,-9.225],[-13.191,-8.374]],[[-13.248,-9.276],[-13.023,-9.225]],[[-13.166,-9.794],[-13.248,-9.276]],[[-13.315,-9.825],[-13.166,-9.794]],[[-13.031,-11.422],[-13.174,-10.623],[-13.315,-9.825]],[[-15.006,-11.885],[-14.512,-11.771],[-14.018,-11.655],[-13.524,-11.539],[-13.031,-11.422]],[[-14.861,-12.32],[-14.908,-12.339]],[[-14.908,-12.339],[-15.006,-11.885]],[[-14.55,-12.577],[-14.791,-12.656]],[[-14.791,-12.656],[-14.861,-12.32]],[[-14.41,-13.218],[-14.55,-12.577]],[[-14.6,-13.266],[-14.41,-13.218]],[[-13.643,-14.035],[-14.478,-14.208]],[[-14.478,-14.208],[-14.539,-13.737],[-14.6,-13.266]],[[-13.226,-15.663],[-13.435,-14.849],[-13.643,-14.035]],[[-13.384,-15.688],[-13.226,-15.663]],[[-13.239,-16.212],[-13.384,-15.688]],[[-14.302,-16.433],[-13.77,-16.323],[-13.239,-16.212]],[[-14.238,-16.764],[-14.302,-16.433]],[[-14.369,-16.777],[-14.238,-16.764]],[[-12.96,-17.79],[-13.519,-17.893],[-14.079,-17.995]],[[-14.079,-17.995],[-14.224,-17.386],[-14.369,-16.777]],[[-12.477,-18.747],[-12.759,-18.785]],[[-12.759,-18.785],[-12.86,-18.287],[-12.96,-17.79]],[[-11.945,-19.825],[-12.263,-19.935]],[[-12.263,-19.935],[-12.37,-19.341],[-12.477,-18.747]],[[-11.852,-20.278],[-11.945,-19.825]],[[-11.971,-20.299],[-11.852,-20.278]],[[-11.763,-21.176],[-11.971,-20.299]],[[-12.007,-21.209],[-11.763,-21.176]],[[-11.849,-21.735],[-12.007,-21.209]],[[-11.936,-21.752],[-11.849,-21.735]],[[-11.819,-22.153],[-11.936,-21.752]],[[-12.91,-22.379],[-12.364,-22.267],[-11.819,-22.153]],[[-12.851,-22.63],[-12.91,-22.379]],[[-13.829,-22.829],[-13.34,-22.73],[-12.851,-22.63]],[[-13.57,-23.514],[-13.664,-23.544]],[[-13.664,-23.544],[-13.829,-22.829]],[[-13.28,-24.777],[-13.426,-24.146],[-13.57,-23.514]],[[-13.811,-24.887],[-13.28,-24.777]],[[-13.663,-25.648],[-13.811,-24.887]],[[-14.049,-25.738],[-13.663,-25.648]],[[-13.69,-26.564],[-13.816,-26.586]],[[-13.816,-26.586],[-14.049,-25.738]],[[-12.746,-28.213],[-13.272,-28.321]],[[-13.272,-28.321],[-13.482,-27.443],[-13.69,-26.564]],[[-12.533,-28.941],[-12.746,-28.213]],[[-13.99,-29.251],[-13.262,-29.098],[-12.533,-28.941]],[[-13.716,-29.828],[-13.82,-29.851]],[[-13.82,-29.851],[-13.99,-29.251]],[[-13.367,-31.157],[-13.543,-30.491],[-13.716,-29.828]],[[-13.499,-31.179],[-13.367,-31.157]],[[-13.245,-32.143],[-13.371,-31.661],[-13.499,-31.179]],[[-14.523,-32.4],[-13.883,-32.275],[-13.245,-32.143]],[[-14.367,-33.499],[-14.446,-32.898],[-14.523,-32.4]],[[-14.702,-33.569],[-14.367,-33.499]],[[-14.515,-34.043],[-14.702,-33.569]],[[-15.274,-34.238],[-14.515,-34.043]],[[-15.083,-34.69],[-15.274,-34.238]],[[-15.266,-34.77],[-15.083,-34.69]],[[-15.1,-35.182],[-15.266,-34.77]],[[-17.703,-35.663],[-16.962,-35.499],[-16.027,-35.343],[-15.1,-35.182]],[[-17.085,-36.472],[-17.419,-36.068],[-17.703,-35.663]],[[-17.44,-36.562],[-17.085,-36.472]],[[-17.233,-37.374],[-17.333,-36.944],[-17.44,-36.562]],[[-17.533,-37.472],[-17.233,-37.374]],[[-16.799,-38.401],[-17.051,-38.447]],[[-17.051,-38.447],[-17.388,-38.025],[-17.533,-37.472]],[[-15.922,-39.681],[-15.965,-39.352],[-16.044,-38.883],[-16.361,-38.558],[-16.799,-38.401]],[[-16.415,-39.79],[-15.922,-39.681]],[[-16.47,-40.273],[-16.415,-39.79]],[[-16.867,-40.366],[-16.47,-40.273]],[[-14.894,-45.371],[-15.594,-45.476]],[[-15.594,-45.476],[-15.76,-45.028],[-15.924,-44.58],[-16.086,-44.132],[-16.244,-43.683],[-16.33,-43.387],[-16.43,-42.868],[-16.215,-42.338],[-16.332,-41.806],[-16.678,-41.519],[-16.744,-41.176],[-16.817,-40.79],[-16.867,-40.366]],[[-13.81,-45.797],[-14.715,-45.898]],[[-14.715,-45.898],[-14.894,-45.371]],[[-10.483,-47.126],[-11.189,-47.245],[-11.898,-47.361],[-12.61,-47.471],[-13.325,-47.578]],[[-13.325,-47.578],[-13.571,-46.688],[-13.81,-45.797]],[[-8.139,-48.961],[-8.922,-49.091],[-9.71,-49.216]],[[-9.71,-49.216],[-9.909,-48.694],[-10.104,-48.172],[-10.296,-47.649],[-10.483,-47.126]],[[-7.961,-49.27],[-8.022,-49.283]],[[-8.022,-49.283],[-8.139,-48.961]],[[-7.433,-50.001],[-7.638,-50.059]],[[-7.638,-50.059],[-7.961,-49.27]],[[-5.169,-50.216],[-6.16,-50.417],[-7.159,-50.61]],[[-7.159,-50.61],[-7.433,-50.001]],[[-3.956,-51.979],[-4.238,-52.049]],[[-4.238,-52.049],[-4.478,-51.591],[-4.713,-51.133],[-4.943,-50.675],[-5.169,-50.216]],[[-1.382,-54.053],[-2.372,-54.327]],[[-2.372,-54.327],[-2.92,-53.547],[-3.447,-52.764],[-3.956,-51.979]],[[-0.438,-54.852],[-0.915,-54.453],[-1.382,-54.053]]]}},{"type":"Feature","properties":{"name":"Alps"},"geometry":{"type":"LineString","coordinates":[[6.6435,43.3719],[6.2152,43.6147],[5.7155,43.9002],[5.3015,44.714],[5.3443,45.1565],[6.201,46.0132],[7.1289,46.6842],[9.0278,47.2981],[10.6839,47.5979],[12.2115,47.7692],[12.9253,47.8691],[14.51,48.0119],[15.5808,48.1118]]}},{"type":"Feature","properties":{"name":"Altyn Tagh"},"geometry":{"type":"MultiLineString","coordinates":[[[94.1861,39.4062],[94.5775,39.4801],[94.943,39.5835],[95.3934,39.7053],[95.8365,39.805],[96.3608,39.9564],[96.8297,40.0228],[97.162,40.0819]],[[76.8923,36.4331],[77.2163,36.4611],[77.5347,36.4555],[77.9313,36.3773],[78.4173,36.2656],[78.6738,36.2335],[78.8885,36.2048],[79.1881,36.1594],[79.6406,36.0812],[80.1154,35.9807],[80.6572,35.9192],[80.8694,35.8745],[81.1711,35.8969],[81.5677,35.9416],[81.847,36.0421],[82.0927,36.1147],[82.2938,36.1427],[82.6011,36.1706],[82.8915,36.2153],[82.9842,36.2376],[83.1853,36.3382],[83.2695,36.3841],[83.3125,36.4076],[83.4311,36.4722],[83.6545,36.651],[83.8668,36.7403],[84.1628,36.8353],[84.4645,36.9247],[84.6321,37.0141],[84.8834,37.1034],[85.2577,37.2151],[85.6599,37.3827],[86.0006,37.5168],[86.4251,37.6732],[86.8155,37.7594],[86.9163,37.7801],[87.1365,37.8232],[87.2275,37.8471],[87.3472,37.8471],[87.3925,37.8619],[87.4501,37.8807],[87.6608,37.9333],[87.8619,37.998],[88.0677,38.0554],[88.3239,38.1416],[88.5585,38.199],[88.7213,38.2206],[88.8769,38.235],[89.1175,38.2541],[89.2946,38.2541],[89.455,38.278],[89.6777,38.3259],[89.7456,38.3463],[89.7939,38.3608],[89.8931,38.3906],[90.1564,38.5031],[90.257,38.551],[90.3563,38.5605],[90.4952,38.5725],[90.5957,38.5845],[90.725,38.6204],[90.8662,38.673],[90.9653,38.6974],[91.0138,38.709],[91.1367,38.7429],[91.3264,38.8],[91.4319,38.83],[91.5781,38.8629],[91.7523,38.9142],[91.8115,38.9323],[91.9377,38.9707],[92.0368,39.0003],[92.1694,39.0294],[92.2895,39.0661],[92.3708,39.0971],[92.4888,39.129],[92.635,39.1591],[92.8566,39.1982],[92.9706,39.2165],[93.0947,39.2307],[93.1201,39.2321],[93.1818,39.2355],[93.1931,39.2356],[93.2355,39.2358],[93.3367,39.2365],[93.4702,39.2404],[93.537,39.2365],[93.6183,39.2239],[93.7083,39.2142],[93.8313,39.2171],[93.9174,39.2307],[93.9987,39.2462],[94.0163,39.2475],[94.2821,39.3398],[94.452,39.3656],[94.7104,39.3656]]]}},{"type":"Feature","properties":{"name":"Antarctic:Nazca"},"geometry":{"type":"MultiLineString","coordinates":[[[-109.259,-34.545],[-109.691,-34.609]],[[-109.691,-34.609],[-109.919,-34.702],[-110.141,-34.817],[-110.326,-34.946],[-110.527,-35.061],[-110.827,-35.091]],[[-109.259,-34.545],[-108.797,-35.132]],[[-108.797,-35.132],[-108.071,-35.24],[-107.343,-35.345],[-106.666,-35.394],[-105.988,-35.439],[-105.391,-35.524],[-104.793,-35.605],[-103.998,-35.694],[-103.202,-35.778],[-102.565,-35.854],[-101.926,-35.927],[-101.286,-35.997],[-100.645,-36.063],[-99.532,-36.133],[-98.417,-36.193],[-97.402,-36.294]],[[-97.402,-36.294],[-97.413,-36.871]],[[-97.413,-36.871],[-96.551,-36.921],[-95.689,-36.965],[-94.91,-36.985],[-94.13,-37.001]],[[-93.996,-38.482],[-93.075,-38.429]],[[-94.13,-37.001],[-94.093,-37.717],[-93.996,-38.482]],[[-93.022,-38.967],[-92.34,-38.918],[-91.658,-38.866]],[[-93.075,-38.429],[-93.022,-38.967]],[[-91.391,-41.103],[-90.739,-41.082],[-90.088,-41.058]],[[-91.658,-38.866],[-91.604,-39.349],[-91.548,-39.833],[-91.512,-40.282],[-91.476,-40.732],[-91.391,-41.103]],[[-90.054,-41.432],[-89.25,-41.378],[-88.447,-41.319],[-87.417,-41.273]],[[-90.088,-41.058],[-90.054,-41.432]],[[-87.336,-41.521],[-86.24,-41.393],[-85.148,-41.253],[-84.487,-41.191],[-83.827,-41.125]],[[-87.417,-41.273],[-87.336,-41.521]],[[-83.448,-42.981],[-82.509,-42.861]],[[-83.827,-41.125],[-83.716,-41.674],[-83.604,-42.222],[-83.454,-42.873],[-83.448,-42.981]],[[-81.935,-44.964],[-81.106,-44.876],[-80.281,-44.782],[-79.586,-44.666],[-78.893,-44.545],[-78.206,-44.411]],[[-82.509,-42.861],[-82.351,-43.639],[-82.138,-44.404],[-81.935,-44.964]],[[-77.661,-45.761],[-76.675,-45.643],[-76.006,-45.659]],[[-78.206,-44.411],[-77.99,-45.092],[-77.764,-45.589],[-77.661,-45.761]]]}},{"type":"Feature","properties":{"name":"Antarctic:Scotia"},"geometry":{"type":"MultiLineString","coordinates":[[[-42.067,-60.501],[-43.151,-60.376],[-44.226,-60.243],[-45.603,-60.091],[-46.963,-59.96],[-48.251,-59.968],[-49.599,-60.044],[-50.887,-60.094]],[[-29.738,-60.575],[-31.014,-60.512],[-32.367,-60.409]],[[-26.071,-60.391],[-26.889,-60.506],[-27.697,-60.617]],[[-27.697,-60.617],[-28.743,-60.601],[-29.738,-60.575]],[[-32.367,-60.409],[-33.446,-60.701]],[[-39.827,-60.634],[-41.214,-60.975]],[[-41.214,-60.975],[-42.067,-60.501]],[[-39.093,-61.018],[-39.827,-60.634]],[[-50.887,-60.094],[-51.119,-60.572],[-52.068,-60.753],[-53.122,-61.037]],[[-33.446,-60.701],[-34.825,-60.989],[-36.418,-61.392]],[[-36.418,-61.392],[-37.561,-61.243],[-39.093,-61.018]],[[-53.122,-61.037],[-54.301,-61.51]],[[-54.301,-61.51],[-55.436,-61.687],[-56.306,-62.063],[-57.39,-62.304],[-58.614,-62.553],[-60.118,-62.945],[-61.75,-63.293],[-62.42,-63.001],[-63.292,-62.825]]]}},{"type":"Feature","properties":{"name":"Antarctica:Scotia"},"geometry":{"type":"LineString","coordinates":[[-64.617,-57.959],[-65.867,-57.736],[-67.102,-57.502],[-68.097,-57.072],[-69.256,-56.852],[-70.401,-56.622],[-71.548,-56.255],[-72.277,-55.962],[-72.995,-55.665],[-73.48,-55.359],[-74.12,-55.004],[-74.749,-54.645],[-75.239,-54.294],[-75.72,-53.941],[-76.02,-53.435],[-76.312,-52.929],[-76.483,-52.068]]}},{"type":"Feature","properties":{"name":"Antarctica:South American"},"geometry":{"type":"LineString","coordinates":[[-76.483,-52.068],[-76.626,-51.377],[-76.757,-50.729],[-76.99,-49.845],[-77.024,-49.192],[-76.925,-48.507],[-76.65,-47.875],[-76.321,-47.478],[-75.997,-47.08],[-75.958,-46.422],[-76.006,-45.659]]}},{"type":"Feature","properties":{"name":"Australia:Pacific"},"geometry":{"type":"MultiLineString","coordinates":[[[148.5608,-7.4082],[147.8989,-7.3242],[147.2638,-7.0573],[146.3594,-6.3933],[145.411,-5.4775],[144.4739,-4.3878],[144.3118,-4.0693]],[[154.927,-7.293],[154.54,-6.818],[154.225,-6.507],[153.93,-6.265]],[[153.93,-6.265],[153.424,-5.9594],[153.0099,-5.7615],[152.645,-5.754],[152.2733,-5.8845],[151.9035,-6.0692],[151.5582,-6.2378],[151.148,-6.443],[150.663,-6.694],[150.146,-6.881],[149.86,-6.939],[149.314,-7.032],[148.587,-7.395]],[[155.454,-7.489],[154.927,-7.293]],[[156.296,-8.174],[156.047,-7.884],[155.812,-7.706],[155.454,-7.489]],[[151.7283,-3.7781],[150.5679,-3.1007],[149.9027,-3.7034],[147.8955,-3.0217],[146.8208,-3.4757],[144.2308,-3.5896]]]}},{"type":"Feature","properties":{"name":"Australian:Antarctic"},"geometry":{"type":"MultiLineString","coordinates":[[[70.665,-25.912],[70.409,-26.06]],[[70.409,-26.06],[69.96,-25.651]],[[71.135,-26.083],[70.994,-26.187]],[[70.994,-26.187],[70.665,-25.912]],[[71.717,-26.386],[71.58,-26.454]],[[71.58,-26.454],[71.135,-26.083]],[[72.066,-26.656],[71.717,-26.386]],[[72.008,-26.718],[72.066,-26.656]],[[73.123,-27.446],[72.92,-27.573]],[[72.92,-27.573],[72.463,-27.146],[72.008,-26.718]],[[73.534,-27.57],[73.399,-27.655]],[[73.399,-27.655],[73.123,-27.446]],[[74.406,-28.317],[73.968,-27.944],[73.534,-27.57]],[[74.192,-28.541],[74.406,-28.317]],[[74.994,-29.264],[74.592,-28.903],[74.192,-28.541]],[[74.938,-29.328],[74.994,-29.264]],[[75.554,-29.839],[74.938,-29.328]],[[75.364,-30.006],[75.554,-29.839]],[[75.515,-30.118],[75.364,-30.006]],[[75.393,-30.24],[75.515,-30.118]],[[76.204,-30.906],[75.797,-30.573],[75.393,-30.24]],[[76.148,-30.97],[76.204,-30.906]],[[76.689,-31.465],[76.148,-30.97]],[[76.395,-31.719],[76.689,-31.465]],[[78.086,-33.194],[77.658,-32.828],[77.233,-32.459],[76.812,-32.09],[76.395,-31.719]],[[77.352,-33.838],[78.086,-33.194]],[[78.488,-34.807],[77.917,-34.324],[77.352,-33.838]],[[78.442,-34.842],[78.488,-34.807]],[[78.803,-35.161],[78.442,-34.842]],[[78.201,-35.683],[78.803,-35.161]],[[79.184,-36.511],[78.69,-36.098],[78.201,-35.683]],[[78.021,-37.483],[78.606,-36.998],[79.184,-36.511]],[[78.706,-38.001],[78.021,-37.483]],[[78.182,-38.393],[78.706,-38.001]],[[78.529,-38.659],[78.182,-38.393]],[[78.073,-39.005],[78.529,-38.659]],[[78.384,-39.262],[78.073,-39.005]],[[78.002,-39.539],[78.384,-39.262]],[[78.425,-39.905],[78.002,-39.539]],[[77.825,-40.326],[78.425,-39.905]],[[80.932,-41.13],[80.464,-41.512],[79.99,-41.892]],[[79.99,-41.892],[79.319,-41.384],[78.659,-40.872],[78.484,-40.866],[77.825,-40.326]],[[88.488,-41.686],[88.06,-41.997]],[[88.06,-41.997],[87.502,-41.71],[86.95,-41.421],[86.402,-41.129],[85.859,-40.834]],[[85.859,-40.834],[85.466,-41.18],[85.07,-41.525],[84.669,-41.868],[84.263,-42.21],[83.853,-42.551],[83.439,-42.89]],[[83.439,-42.89],[82.588,-42.309],[81.752,-41.722],[80.932,-41.13]],[[95.04,-44.619],[94.47,-44.39],[93.904,-44.157],[93.343,-43.922],[92.786,-43.684],[92.234,-43.443],[91.686,-43.199],[91.142,-42.953],[90.603,-42.705],[90.068,-42.454],[89.537,-42.2],[89.011,-41.944],[88.488,-41.686]],[[94.926,-44.805],[95.04,-44.619]],[[96.698,-45.471],[95.806,-45.141],[94.926,-44.805]],[[95.842,-46.52],[96.274,-45.996],[96.698,-45.471]],[[100.202,-47.266],[99.624,-47.978]],[[99.624,-47.978],[98.979,-47.744],[98.34,-47.506],[97.707,-47.265],[97.08,-47.02],[96.458,-46.772],[95.842,-46.52]],[[127.4798,-48.7923],[126.861,-48.698],[126.3458,-48.6035]],[[121.6161,-49.03],[120.842,-48.89]],[[106.4983,-48.8475],[106.3137,-49.0884]],[[106.3344,-49.093],[105.898,-48.933],[105.247,-48.762],[104.601,-48.588],[103.959,-48.409],[103.321,-48.228],[102.688,-48.042],[102.06,-47.853],[101.436,-47.661],[100.817,-47.465],[100.202,-47.266]],[[108.285,-49.182],[107.486,-49.015],[106.5351,-48.7994]],[[108.24,-49.259],[108.285,-49.182]],[[123.771,-49.122],[123.328,-49.585]],[[121.437,-49.62],[121.634,-49.0508]],[[126.3618,-48.6416],[126.2719,-48.9612],[126.074,-49.401],[125.896,-49.717]],[[125.896,-49.717],[125.262,-49.598],[125.125,-49.358],[124.992,-49.153],[124.607,-48.984],[124.213,-48.848],[124.007,-48.906],[123.771,-49.122]],[[123.328,-49.585],[123.013,-49.542],[122.797,-49.729],[122.553,-49.812],[122.224,-49.846],[121.866,-49.736],[121.437,-49.62]],[[116.256,-49.54],[115.988,-49.852]],[[115.988,-49.852],[115.5,-49.974],[114.362,-49.878]],[[127.143,-49.976],[127.196,-49.643],[127.3565,-49.2195],[127.4774,-48.8104]],[[120.842,-48.89],[120.516,-49.524],[120.273,-50.036]],[[120.273,-50.036],[119.366,-49.938],[118.547,-49.802],[118.194,-49.865],[117.523,-49.62],[116.635,-49.271],[116.256,-49.54]],[[139.645,-50.279],[139.11,-50.256],[138.401,-50.231],[137.7,-50.234],[136.946,-50.22],[136.226,-50.248],[135.246,-50.209],[135.026,-50.384],[134.245,-50.347],[133.465,-50.306],[132.261,-50.223],[131.515,-50.222]],[[114.362,-49.878],[114.024,-50.388]],[[114.024,-50.388],[112.967,-50.2],[111.666,-50.084],[111.363,-49.93],[111.129,-49.8],[110.868,-49.829],[110.472,-49.779],[109.351,-49.523],[108.24,-49.259]],[[131.515,-50.222],[131.256,-50.604]],[[131.256,-50.604],[130.569,-50.525],[129.412,-50.348],[128.312,-50.159],[127.143,-49.976]],[[140.323,-51.798],[139.813,-51.838]],[[139.813,-51.838],[139.733,-51.174],[139.645,-50.279]],[[140.659,-53.885],[140.584,-53.504],[140.478,-52.75],[140.4,-52.274],[140.323,-51.798]],[[146.881,-54.695],[145.401,-54.756],[144.282,-54.799],[143.778,-54.234],[142.25,-54.215],[141.451,-54.053],[140.659,-53.885]],[[148.806,-57.436],[148.076,-57.527],[147.902,-57.566]],[[147.902,-57.566],[147.721,-57.088],[147.545,-56.61],[147.373,-56.132],[147.206,-55.654],[147.043,-55.175],[146.881,-54.695]],[[150.733,-59.475],[150.006,-59.57]],[[150.006,-59.57],[149.652,-58.999],[149.398,-58.552],[149.15,-58.104],[148.806,-57.436]],[[153.4674,-59.9487],[152.473,-60.176],[151.29,-60.413]],[[151.29,-60.413],[151.008,-59.944],[150.733,-59.475]],[[161.228,-61.457],[160.865,-61.559],[159.44,-62.026],[157.97,-62.478],[156.457,-62.914]],[[156.457,-62.914],[155.701,-62.174],[154.9708,-61.5146],[154.1889,-60.683],[153.4932,-59.9912]]]}},{"type":"Feature","properties":{"name":"Australian:Sunda"},"geometry":{"type":"MultiLineString","coordinates":[[[129.652,-6.815],[129.85,-6.59],[130.121,-6.334],[130.359,-6.0846],[130.6586,-5.7731],[130.9927,-5.4903],[131.3845,-5.2478],[131.6956,-5.0745],[132.1178,-4.899],[132.6506,-4.7884],[133.0364,-4.6779],[133.459,-4.5488],[133.9183,-4.4013],[134.2306,-4.2722],[134.6755,-4.1308],[135.0023,-3.8663],[135.3697,-3.7371],[135.6637,-3.6264],[135.8474,-3.4603],[136.0311,-3.1279],[136.2699,-2.8323],[136.6006,-2.4074],[136.9668,-1.8375],[137.2437,-1.4646]],[[115.9318,-7.9312],[116.3,-7.93],[116.6851,-8.041],[117.14,-8.03],[117.68,-8.03],[118.08,-8.02],[118.44,-8.04],[118.86,-7.99],[119.36,-8.01],[119.8,-7.99],[120.36,-8.04],[120.82,-8.06],[121.34,-8.11],[121.88,-8.1],[122.4907,-8.1143],[123.0419,-8.0594],[123.4277,-7.9861],[123.9054,-7.9312],[124.3096,-7.8762],[124.6403,-7.7846],[125.0628,-7.7296],[125.4119,-7.693],[125.7794,-7.6746],[126.0519,-7.6889],[126.4494,-7.6183],[126.7898,-7.583],[127.3632,-7.5041],[127.7819,-7.418],[128.131,-7.3446],[128.5197,-7.1426],[128.9394,-7.0877],[129.3436,-6.9776],[129.5388,-6.9333]],[[129.5388,-6.9333],[129.7478,-6.8858],[130.2255,-6.8674],[130.7399,-6.8674],[131.1992,-6.8124],[131.6217,-6.8307],[132.1545,-6.8674],[132.6506,-6.9225]],[[132.6506,-6.9225],[132.1545,-6.8674],[131.6217,-6.8307],[131.1992,-6.8124],[130.7399,-6.8674],[130.2255,-6.8674],[129.7478,-6.8858],[129.5388,-6.9333],[129.3436,-6.9776],[128.9394,-7.0877],[128.5197,-7.1426],[128.131,-7.3446],[127.7819,-7.418],[127.3632,-7.5041],[126.7898,-7.583],[126.4494,-7.6183],[126.0519,-7.6889],[125.7794,-7.6746],[125.4119,-7.693],[125.0628,-7.7296],[124.6403,-7.7846],[124.3096,-7.8762],[123.9054,-7.9312],[123.4277,-7.9861],[123.0419,-8.0594],[122.4907,-8.1143],[121.88,-8.1],[121.34,-8.11],[120.82,-8.06],[120.36,-8.04],[119.8,-7.99],[119.36,-8.01],[118.86,-7.99],[118.44,-8.04],[118.08,-8.02],[117.68,-8.03],[117.14,-8.03],[116.6851,-8.041],[116.3,-7.93],[115.9318,-7.9312]],[[129.652,-6.815],[129.85,-6.59],[130.121,-6.334],[130.359,-6.0846],[130.6586,-5.7731],[130.9927,-5.4903],[131.3845,-5.2478],[131.6956,-5.0745],[132.1178,-4.899],[132.6506,-4.7884],[133.0364,-4.6779],[133.459,-4.5488],[133.9183,-4.4013],[134.2306,-4.2722],[134.6755,-4.1308],[135.0023,-3.8663],[135.3697,-3.7371],[135.6637,-3.6264],[135.8474,-3.4603],[136.0311,-3.1279],[136.2699,-2.8323],[136.6006,-2.4074],[136.9668,-1.8375],[137.2437,-1.4646]],[[120.2299,-11.4714],[120.0183,-11.4813],[119.7532,-11.4516],[119.27,-11.393],[118.6111,-11.4206],[118.1288,-11.4627],[117.5465,-11.4481],[116.853,-11.331],[116.174,-11.275],[115.571,-11.219],[115.013,-11.151],[114.41,-11.088],[113.756,-10.964],[113.204,-10.87],[112.563,-10.758],[112.17,-10.652],[111.523,-10.577],[111.015,-10.477],[110.6177,-10.3452],[110.1792,-10.2599],[109.6461,-10.1875],[109.0101,-10.1623],[108.426,-10.0727],[107.8168,-9.9366],[107.36,-9.7062],[106.8098,-9.4866],[106.3685,-9.2749],[106.1896,-9.1936],[105.9582,-9.0886],[105.6309,-8.867],[105.123,-8.4993],[104.8537,-8.2722],[104.5296,-8.0474],[104.1271,-7.8961],[103.7273,-7.7545],[103.206,-7.5247],[102.5328,-7.1446],[101.858,-6.558],[101.346,-5.983],[100.791,-5.305],[100.359,-4.656],[99.98,-4.145],[99.675,-3.729],[99.37,-3.312],[98.874,-2.665],[98.301,-2.021],[98.035,-1.634],[97.77,-1.247],[97.372,-0.547],[97.011,0.116],[96.67,0.759],[96.38,1.123],[96.202,1.345],[96.089,1.487],[95.542,1.882],[94.979,2.104],[94.405,2.457],[93.754,3.048],[93.2939,3.7938],[92.989,4.4772],[92.7385,5.0302],[92.537,5.702],[92.376,6.333],[92.3102,6.746],[92.255,6.958],[92.1419,7.2074],[91.903,7.663],[91.8274,8.1458],[91.6483,8.5436],[91.5268,9.06],[91.5001,9.5919],[91.559,10.056],[91.576,10.514],[91.591,11.3],[91.643,11.792],[91.7,12.283],[91.889,13.154],[92.0625,13.6977],[92.5188,14.2349],[93.0567,14.9577],[93.4938,15.6133],[93.6619,16.2185],[93.914,16.706],[93.914,17.2607],[93.6787,17.8323],[93.3257,18.5215],[93.0399,18.7568],[92.6303,19.5268]],[[94.5171,16.7954],[94.5809,16.8501],[94.7905,17.1235],[94.9546,17.5883],[95.0457,18.0166],[95.0184,18.527],[94.9637,18.846],[94.8452,19.1194],[94.6629,19.5477],[94.4624,20.0216],[94.2893,20.3862],[94.189,20.5776],[94.1161,20.7599],[94.0309,20.9865]]]}},{"type":"Feature","properties":{"name":"Baikal Rift"},"geometry":{"type":"LineString","coordinates":[[104.42,51.427],[105.058,51.765],[105.705,52.099],[106.362,52.431],[107.029,52.758],[107.706,53.081],[108.393,53.401],[108.691,54.15],[109.0,54.899],[109.375,55.331],[109.758,55.762],[110.924,56.221],[111.884,56.2724]]}},{"type":"Feature","properties":{"name":"Banda Ridges"},"geometry":{"type":"LineString","coordinates":[[127.666,-1.7732],[127.667,-2.447],[127.51,-3.163],[127.325,-3.719],[126.963,-4.188],[126.432,-4.471],[125.901,-4.754],[125.282,-4.789],[124.662,-4.824],[124.06,-4.701],[123.5218,-4.5892]]}},{"type":"Feature","properties":{"name":"Central Lau Spreading Center"},"geometry":{"type":"LineString","coordinates":[[-177.0282,-16.7662],[-176.921,-16.877],[-176.82,-17.034],[-176.713,-17.219],[-176.625,-17.399],[-176.532,-17.574],[-176.462,-17.731],[-176.403,-17.873],[-176.304,-18.055],[-176.297,-18.131],[-176.33,-18.267],[-176.346,-18.307],[-176.44,-18.472],[-176.511,-18.6],[-176.551,-18.686],[-176.584,-18.768],[-176.587,-18.836],[-176.57,-18.975],[-176.549,-19.217],[-176.5068,-19.2296]]}},{"type":"Feature","properties":{"name":"Chaman"},"geometry":{"type":"MultiLineString","coordinates":[[[66.2801,30.343],[66.2002,30.2131],[66.1303,29.9585],[66.0254,29.6389],[65.9455,29.3792],[65.8057,29.2394]],[[68.6591,33.9503],[68.4522,33.6286],[68.4023,33.5088],[68.2175,33.2791],[68.0877,33.0244],[67.6982,32.6399],[67.2638,32.1256],[67.074,31.9359],[66.8743,31.6862],[66.7195,31.4165],[66.6346,31.1669],[66.5697,30.9272],[66.4399,30.7025],[66.295,30.4678],[66.1353,30.2431]]]}},{"type":"Feature","properties":{"name":"Cocos:Caribbean"},"geometry":{"type":"MultiLineString","coordinates":[[[-86.657,10.2083],[-86.984,10.5203],[-87.5019,11.0717],[-87.899,11.3704],[-88.348,11.6269],[-88.9826,11.8974],[-89.6757,12.1676],[-90.3553,12.4243],[-90.9044,12.5879]],[[-82.875,7.366],[-83.074,7.592],[-83.233,7.849],[-83.36,7.928],[-83.605,8.044],[-83.838,8.182],[-83.996,8.3169],[-84.158,8.474],[-84.419,8.637],[-84.686,8.772],[-85.044,8.937],[-85.381,9.089],[-85.612,9.203],[-85.91,9.423],[-86.204,9.684],[-86.449,9.938],[-86.648,10.235]],[[-82.6602,7.3124],[-82.7682,7.3104],[-82.8236,7.3363],[-82.875,7.366]]]}},{"type":"Feature","properties":{"name":"Dauki Thrust"},"geometry":{"type":"LineString","coordinates":[[89.7547,25.3442],[90.2106,25.2417],[90.4671,25.1904],[90.9002,25.1847],[91.1794,25.2132],[91.6126,25.2189],[92.0628,25.179],[92.2508,25.1163],[92.4218,25.0593],[92.7124,25.0023],[92.9632,25.0023],[93.2253,25.0764],[93.4248,25.1505]]}},{"type":"Feature","properties":{"name":"Dinaric Alps"},"geometry":{"type":"LineString","coordinates":[[19.821,41.0591],[19.5069,41.9871],[19.2499,42.2441],[19.0358,42.3583],[17.7509,42.9865],[16.8942,43.5147],[16.3375,43.8431],[15.4666,44.5284],[14.767,45.1423],[14.0246,45.5991],[13.7248,45.8989],[13.1823,46.0988],[12.1829,45.8561],[11.2121,45.542],[10.4126,45.5277],[9.713,45.6991]]}},{"type":"Feature","properties":{"name":"East African Rift System"},"geometry":{"type":"LineString","coordinates":[[33.11,-21.344],[33.196,-20.512],[33.282,-19.681],[33.613,-19.35],[33.943,-19.019],[34.272,-18.688],[34.599,-18.356],[35.2,-17.976],[35.2,-17.404],[35.199,-16.833],[34.901,-16.334],[34.604,-15.834],[34.729,-15.191],[34.852,-14.549],[34.461,-13.859],[34.071,-13.167],[34.172,-12.406],[34.441,-11.717],[34.709,-11.027],[34.081,-10.455],[33.818,-9.598],[33.556,-8.741],[33.099,-8.643],[32.643,-8.546],[32.117,-8.162],[31.592,-7.778],[31.042,-7.631],[30.493,-7.483],[30.046,-6.791],[29.6,-6.099],[29.604,-5.625],[29.608,-5.151],[29.28,-4.557],[28.953,-3.962],[28.91,-3.134],[28.868,-2.306],[29.13,-1.809],[29.392,-1.313],[29.63,-0.626],[29.867,0.06],[30.246,0.749],[30.625,1.437],[31.122,1.96],[31.62,2.483],[31.049,2.648],[30.478,2.812],[30.475,3.524],[30.471,4.235],[31.279,4.477],[31.753,5.097],[32.227,5.717],[32.736,5.63],[33.244,5.543],[33.752,5.455],[34.26,5.366],[34.767,5.277],[35.275,5.188],[35.782,5.099],[36.29,5.009],[36.601,5.484],[36.914,5.958],[37.583,5.956],[37.849,6.477],[38.115,6.998],[38.477,7.447],[38.841,7.895],[39.157,8.296],[39.473,8.696],[39.79,9.071],[40.107,9.446],[40.449,9.796],[40.792,10.146],[41.117,10.732],[41.442,11.317],[42.033,11.577],[42.841,11.795],[43.5672,11.9907]]}},{"type":"Feature","properties":{"name":"East Anatolian Fault"},"geometry":{"type":"LineString","coordinates":[[40.971,39.0624],[40.6335,38.8626],[40.1667,38.7687],[39.5761,38.5595],[39.2162,38.4351],[38.8698,38.3187],[38.3278,38.1064],[38.0413,37.9937],[37.68,37.8329],[37.2914,37.6246],[37.071,37.5073],[36.865,37.4272],[36.7959,37.4003]]}},{"type":"Feature","properties":{"name":"East Andean Fault"},"geometry":{"type":"LineString","coordinates":[[-77.4618,0.7912],[-77.332,0.899],[-76.922,1.101],[-76.574,1.276],[-76.254,1.506],[-75.989,1.618],[-75.774,1.932],[-75.433,2.281],[-75.21,2.498],[-74.875,2.791],[-74.589,3.022],[-74.345,3.294],[-74.101,3.42],[-73.927,3.56],[-73.815,3.819],[-73.78,3.979],[-73.592,4.168],[-73.326,4.308],[-73.13,4.413],[-72.92,4.741],[-72.773,4.936],[-72.633,5.118],[-72.353,5.264],[-72.198,5.537],[-72.149,5.788],[-72.079,6.046],[-71.924,6.262],[-71.903,6.465],[-71.889,6.681],[-72.05,7.03],[-72.071,7.198],[-72.064,7.323],[-72.359,7.568],[-72.437,7.7],[-72.246,7.819],[-72.091,7.903],[-71.915,8.105],[-71.795,8.195],[-71.696,8.342],[-71.456,8.453],[-71.208,8.571],[-71.081,8.661],[-70.925,8.807],[-70.727,8.876],[-70.514,9.014],[-70.358,9.139],[-70.081,9.388],[-69.875,9.582],[-69.696,9.797],[-69.511,9.976],[-69.297,10.121],[-69.14,10.196],[-68.976,10.299],[-68.67,10.455],[-68.507,10.502],[-68.35,10.535],[-68.131,10.511],[-67.9656,10.4993],[-67.961,10.499],[-67.9699,10.5214]]}},{"type":"Feature","properties":{"name":"East Lau Spreading Center"},"geometry":{"type":"LineString","coordinates":[[-175.9664,-19.4219],[-176.027,-19.651],[-176.079,-19.814],[-176.122,-19.884],[-176.182,-20.106],[-176.116,-20.129],[-176.152,-20.265],[-176.159,-20.423],[-176.176,-20.494],[-176.19,-20.655],[-176.237,-20.796],[-176.264,-20.891],[-176.289,-21.0],[-176.322,-21.113],[-176.372,-21.301],[-176.405,-21.487],[-176.449,-21.601],[-176.52,-21.811],[-176.601,-22.007],[-176.635,-22.231],[-176.691,-22.286],[-176.709,-22.5],[-176.748,-22.735],[-176.913,-23.048],[-177.102,-23.414],[-177.1828,-23.5745],[-177.3847,-24.0202]]}},{"type":"Feature","properties":{"name":"Eurasia"},"geometry":{"type":"LineString","coordinates":[[8.1854,45.1994],[8.5994,45.2708],[9.1705,45.2708],[10.1842,45.0709],[11.4262,44.714],[12.4302,44.2673],[13.2139,43.8463],[13.6349,43.5773],[13.9156,43.0275],[14.1028,42.6767],[14.9383,42.0585],[15.3809,41.5874],[16.0376,41.0306],[16.7372,40.4595]]}},{"type":"Feature","properties":{"name":"Eurasia:Anatolia Block"},"geometry":{"type":"LineString","coordinates":[[27.987,40.618],[28.724,40.668],[29.03,40.686],[30.007,40.768],[30.774,40.601],[31.116,40.615],[31.482,40.679],[32.392,40.86],[33.405,41.023],[34.286,41.159],[34.832,41.123],[35.527,41.002],[36.169,40.849],[37.062,40.6],[38.021,40.269],[38.795,40.009],[39.268,39.909],[39.892,39.703],[40.449,39.392],[40.6514,39.2778],[41.001,39.08]]}},{"type":"Feature","properties":{"name":"Eurasian:African"},"geometry":{"type":"MultiLineString","coordinates":[[[-28.895,39.412],[-28.951,39.379],[-28.982,39.366],[-29.049,39.338],[-29.09,39.323],[-29.147,39.294],[-29.188,39.279],[-29.26,39.25]],[[-29.26,39.25],[-29.297,39.255],[-29.335,39.315],[-29.77,39.4]],[[-28.484,39.156],[-28.566,39.13],[-28.619,39.121]],[[-28.619,39.121],[-28.666,39.179],[-28.686,39.214],[-28.745,39.263],[-28.781,39.299],[-28.853,39.373],[-28.895,39.412]],[[-27.955,39.004],[-28.059,38.983],[-28.12,38.968],[-28.215,38.952],[-28.292,38.939]],[[-28.292,38.939],[-28.342,38.993],[-28.365,39.02],[-28.396,39.058],[-28.42,39.093],[-28.452,39.134],[-28.484,39.156]],[[-26.718,38.42],[-26.83,38.278]],[[-26.83,38.278],[-26.901,38.36],[-26.941,38.4],[-27.007,38.464],[-27.029,38.491],[-27.09,38.571],[-27.129,38.607],[-27.174,38.666],[-27.203,38.7],[-27.239,38.78],[-27.484,38.782],[-27.559,38.836],[-27.606,38.863],[-27.68,38.914],[-27.722,38.942],[-27.793,39.0],[-27.955,39.004]],[[-25.808,37.878],[-25.916,37.839]],[[-25.916,37.839],[-26.043,37.936],[-26.075,37.965],[-26.171,38.036],[-26.302,38.047],[-26.379,38.116],[-26.417,38.149],[-26.494,38.222],[-26.532,38.255],[-26.614,38.324],[-26.647,38.358],[-26.718,38.42]],[[-25.538,37.818],[-25.633,37.722]],[[-25.633,37.722],[-25.698,37.79],[-25.734,37.816],[-25.808,37.878]],[[-25.267,37.769],[-25.355,37.663]],[[-25.355,37.663],[-25.427,37.718],[-25.464,37.752],[-25.538,37.818]],[[-25.101,37.646],[-25.267,37.769]],[[-24.983,37.644],[-25.101,37.646]],[[-15.387,37.212],[-15.842,37.297],[-16.742,37.435],[-17.584,37.503],[-18.124,37.466]],[[-18.124,37.466],[-18.618,37.307],[-19.682,37.025]],[[-13.675,37.395],[-14.411,37.21],[-15.143,37.021]],[[-15.143,37.021],[-15.387,37.212]],[[-24.146,36.789],[-24.255,36.781]],[[-24.255,36.781],[-24.311,36.792],[-24.385,36.863],[-24.434,36.91],[-24.5,36.971],[-24.554,37.017],[-24.635,37.095],[-24.681,37.127],[-24.75,37.217],[-24.738,37.273],[-24.702,37.352],[-24.667,37.411],[-24.733,37.467],[-24.775,37.5],[-24.816,37.533],[-24.845,37.552],[-24.892,37.584],[-24.931,37.609],[-24.983,37.644]],[[-19.682,37.025],[-20.24,36.954],[-20.797,36.881],[-21.507,36.82],[-22.216,36.754],[-22.893,36.702],[-23.57,36.646]],[[-23.57,36.646],[-24.046,36.755],[-24.146,36.789]],[[-6.9004,36.3883],[-7.1189,36.3617],[-7.3593,36.2999],[-7.7635,36.1317],[-8.0039,36.0341],[-8.2333,35.9009],[-8.4846,35.8386],[-8.8803,36.0986],[-9.0223,36.1695],[-9.545,36.43],[-9.977,36.651]],[[-9.977,36.651],[-10.429,36.392],[-10.923,36.098],[-11.585,35.851]],[[-11.585,35.851],[-12.142,36.328],[-12.903,36.864],[-13.675,37.395]],[[32.7896,34.3293],[32.172,34.487],[31.74,34.634],[31.256,34.826],[30.793,34.991],[30.221,35.154],[29.731,35.427]],[[26.1684,33.996],[25.0619,33.7526],[23.8075,33.7992],[22.828,34.0216],[21.5063,34.3023],[20.1847,34.8169],[19.3543,35.6708],[19.097,36.6766],[18.9215,37.4485]],[[30.5975,35.0467],[30.221,35.154],[29.731,35.427]],[[15.085,37.4763],[15.0624,37.4763],[15.0171,37.4731],[14.9621,37.4682],[14.9072,37.4618],[14.8555,37.4618],[14.8134,37.4537],[14.7617,37.4375],[14.7229,37.4214],[14.6631,37.4036],[14.6195,37.3842],[14.5661,37.3518],[14.516,37.3211],[14.4901,37.284],[14.4691,37.2581],[14.4158,37.2048],[14.3527,37.1757],[14.2832,37.1498],[14.2331,37.1142],[14.1891,37.0708],[14.1404,37.0464],[14.0537,37.0193],[13.9562,37.003],[13.8517,36.9789],[13.6795,37.0017],[13.504,37.0569],[13.3577,37.1187],[13.2504,37.1934],[13.1724,37.2844],[13.1138,37.3877],[13.0289,37.496],[13.0171,37.5151],[12.9989,37.5379],[12.9859,37.5568],[12.9561,37.5808],[12.9172,37.5891],[12.8874,37.5924],[12.8618,37.5957],[12.827,37.5991],[12.7981,37.5999],[12.7724,37.6015],[12.7352,37.5957],[12.7095,37.5875],[12.6798,37.5651],[12.638,37.5025],[12.594,37.4492]],[[35.7569,36.2553],[35.7481,36.0983],[35.7255,35.793],[35.6068,35.4877],[35.4654,35.0806],[35.3071,34.8544],[35.1884,34.7131],[34.9452,34.5943],[34.5438,34.4812],[34.3289,34.4134],[33.9671,34.3399],[33.5204,34.2664],[33.1529,34.2777],[32.7894,34.3294]],[[29.731,35.427],[29.345,35.425],[29.07,35.378],[28.779,35.312],[28.478,35.127],[28.05,34.87],[27.684,34.706],[27.2023,34.4661],[26.2315,34.0099],[26.1684,33.996]],[[36.7893,37.3976],[36.5058,37.1726],[36.3023,36.9352],[36.1157,36.6694],[35.8725,36.4659],[35.7594,36.3019],[35.7569,36.2553]]]}},{"type":"Feature","properties":{"name":"Eurasian:Arabian"},"geometry":{"type":"MultiLineString","coordinates":[[[41.026,38.849],[41.001,39.08]],[[44.02,37.098],[43.647,37.407],[43.176,37.685],[42.797,37.991],[42.289,38.213],[41.839,38.355],[41.236,38.616],[41.026,38.849]],[[44.357,36.572],[44.02,37.098]],[[56.992,26.545],[57.057,26.049]],[[57.057,26.049],[57.121,25.552],[57.345,24.788],[57.832,24.443]],[[65.028,24.382],[64.161,24.35],[63.366,24.285],[62.581,24.283],[61.955,24.087],[61.365,24.122],[60.87,24.177],[60.374,24.232],[59.603,24.311],[58.716,24.363],[58.1171,24.4172],[57.832,24.443]],[[56.992,26.545],[57.0819,27.2416],[56.8678,27.8269],[56.786,28.1079],[56.4328,28.1834],[56.132,28.3592],[55.7981,28.3468],[55.5383,28.4669],[55.1544,28.8166],[54.4722,29.1642],[54.1317,29.7977],[53.9959,30.1296],[53.4553,30.4321],[52.8204,30.7208],[52.3933,31.0049],[51.5244,31.6356],[50.765,32.1699],[49.8008,33.0094],[49.2012,33.3806]],[[44.357,36.572],[44.6183,36.136],[45.1466,35.7077],[45.6605,35.4221],[46.203,35.2794],[46.8598,34.8368],[47.2595,34.6369],[48.059,34.3514],[48.73,33.7946],[49.2012,33.3806]]]}},{"type":"Feature","properties":{"name":"Eurasian:Indian"},"geometry":{"type":"MultiLineString","coordinates":[[[94.0547,23.5255],[94.0029,23.3491],[93.9324,23.1963],[93.9039,23.0336],[93.9674,22.7321],[93.9594,22.5654],[93.9436,22.2957],[93.9039,22.0576],[93.888,21.8831],[93.9039,21.7244],[94.0626,21.534],[94.0705,21.3277],[94.0309,20.9865]],[[95.6399,26.1164],[95.5773,25.9569],[95.4006,25.7346],[95.1157,25.4326],[95.0074,25.2046],[94.8975,25.0764],[94.8022,24.9653],[94.4911,24.6602],[94.3958,24.4301],[94.2372,24.2158],[94.1023,23.8667],[94.0864,23.6287],[94.0547,23.5255]],[[72.0214,32.4109],[71.8314,32.4986],[71.7036,32.6374],[71.6378,32.7214],[71.5647,32.937],[71.5282,33.1927],[71.5045,33.1364],[71.4617,33.1364],[71.4026,33.1069],[71.3565,33.0707],[71.3203,33.0773],[71.2645,33.0444],[71.1888,32.9918],[71.1625,32.9293],[71.1329,32.8306],[71.1231,32.6629],[71.179,32.5479],[71.1132,32.4591],[71.0211,32.3933],[70.8699,32.3473],[70.7482,32.2815],[70.5953,32.3739],[70.5628,32.418],[70.5372,32.4575],[70.4908,32.4993],[70.4745,32.4993],[70.449,32.4784],[70.4443,32.4494],[70.4281,32.4203],[70.3967,32.3971],[70.3689,32.3785],[70.3375,32.3576],[70.3224,32.3367],[70.2957,32.2949],[70.2028,32.2775],[70.1877,32.2415],[70.1389,32.2067],[70.0983,32.1881],[70.0878,32.1637],[70.111,32.1149],[70.147,32.0278],[70.1807,31.9651],[70.2098,31.9012],[70.226,31.806],[70.2295,31.7433],[70.2376,31.6771],[70.2655,31.6156],[70.3015,31.5447],[70.3545,31.3653],[70.4143,31.2457],[70.4367,31.0365],[70.4442,30.8347],[70.504,30.5806],[70.4965,30.3265],[70.3321,30.0575],[70.1677,29.8258],[70.0332,29.3775],[69.8912,29.101],[69.7866,28.9216],[69.7791,28.7497],[69.5549,28.5704],[69.3083,28.5554],[68.9496,28.7198],[68.4788,29.0038],[68.3144,29.1533],[68.2397,29.3924],[68.1949,29.5718],[67.9931,29.6988],[67.7913,29.6614],[67.5447,29.4746],[67.47,29.1458],[67.47,29.0262],[67.3803,28.8469],[67.2981,28.6825],[67.3205,28.5106],[67.3803,28.3611],[67.3803,28.2192],[67.4849,27.8754],[67.5073,27.6512],[67.3579,27.427],[67.3429,27.1505],[67.3429,26.9338],[67.2832,26.6797],[67.3728,26.4555],[67.5298,26.3509],[67.7016,26.2687],[67.9034,26.0968],[67.9333,25.91],[67.9408,25.6858],[67.9408,25.4392],[67.8511,25.2524],[67.597,24.9834]],[[73.238,32.7287],[73.1357,32.7178],[72.9713,32.6484],[72.774,32.6666],[72.7192,32.6447],[72.5767,32.5972],[72.4562,32.5461],[72.332,32.5059],[72.1822,32.4036],[72.0214,32.4109]],[[74.748,32.9894],[74.6298,32.9021],[74.4037,32.9072],[74.2599,32.9072],[74.116,32.9483],[73.9465,33.0202],[73.8026,33.1487],[73.6074,33.0151],[73.4738,32.8712],[73.4121,32.8712],[73.3402,32.7993],[73.238,32.7287]],[[78.533,29.7834],[78.3788,29.804],[78.235,29.8554],[78.0706,30.0044],[77.9729,30.0968],[77.8702,30.1739],[77.8144,30.2076],[77.7738,30.2322],[77.6493,30.3075],[77.5311,30.3075],[77.4129,30.4102],[77.2125,30.4565],[77.2177,30.5233],[77.1509,30.6003],[76.9505,30.6774],[76.8118,30.7493],[76.7039,30.8983],[76.5857,30.9189],[76.447,31.0114],[76.3186,31.1347],[76.2158,31.2323],[76.1336,31.3453],[76.036,31.5046],[75.9656,31.8334],[75.8629,31.967],[75.7909,32.1057],[75.6779,32.2136],[75.6522,32.342],[75.4621,32.4654],[75.236,32.527],[75.0665,32.5732],[74.9226,32.676],[74.7942,32.8353],[74.7942,32.974],[74.748,32.9894]],[[84.7085,27.343],[84.5852,27.343],[84.4106,27.3481],[84.2461,27.3584],[84.1434,27.4252],[83.9893,27.4303],[83.8608,27.5074],[83.7041,27.6179],[83.6228,27.6392],[83.5449,27.6596],[83.4883,27.6744],[83.1492,27.7669],[82.7104,27.8506],[82.5208,27.8506],[82.3759,27.9008],[82.1807,27.9956],[82.1679,28.034],[82.0498,28.07],[81.8648,28.1727],[81.6747,28.3166],[81.5668,28.3217],[81.4743,28.3885],[81.3613,28.4707],[81.3767,28.5684],[81.1969,28.6608],[81.0016,28.7944],[80.8064,28.8509],[80.606,28.892],[80.4776,28.9383],[80.4108,28.9999],[80.2772,28.9999],[80.1591,29.0513],[80.1385,29.113],[80.0923,29.0924],[79.9073,29.0719],[79.7532,29.0975],[79.599,29.2054],[79.4398,29.2671],[79.4012,29.3108],[79.3755,29.3108],[79.2214,29.3262],[79.1187,29.3827],[78.9851,29.4341],[78.7179,29.5522],[78.5535,29.6242],[78.5073,29.7475],[78.533,29.7834]],[[95.2846,27.9647],[95.2127,27.8876],[94.925,27.7694],[94.6167,27.641],[94.3719,27.5862],[94.2288,27.5074],[94.1531,27.4452],[94.085,27.3892],[93.9668,27.3019],[93.8281,27.1375],[93.6637,27.009],[93.3349,26.9525],[93.0266,26.9063],[92.8416,26.9166],[92.6875,26.9166],[92.5334,26.932],[92.3484,26.9268],[91.999,26.8652],[91.7627,26.8292],[91.5777,26.783],[91.29,26.783],[91.0845,26.8241],[90.843,26.7984],[90.545,26.8138],[90.3961,26.896],[90.2753,26.8703],[90.1366,26.7933],[89.967,26.7162],[89.7564,26.6854],[89.5458,26.7419],[89.4967,26.7761],[89.2991,26.7676],[89.1964,26.7419],[89.0474,26.8755],[88.96,26.9217],[88.7854,26.9166],[88.6569,26.9011],[88.4514,26.86],[88.1894,26.7778],[87.9993,26.7162],[87.7989,26.6905],[87.6705,26.7419],[87.4958,26.7419],[87.2338,26.8035],[87.0334,26.8035],[86.1574,26.9628],[85.9724,27.0193],[85.7412,27.1067],[85.6077,27.1118],[85.3251,27.1889],[85.099,27.2762],[84.9552,27.2762],[84.8156,27.339],[84.7085,27.343]],[[94.5808,26.7008],[94.6835,26.7778],[94.7811,26.8446],[94.903,26.9543],[95.0843,27.009],[95.2692,27.1118],[95.4388,27.1837],[95.6494,27.307],[95.9114,27.3738],[96.2043,27.4971],[96.2711,27.6513],[96.2968,27.8414],[96.1683,27.9904],[96.0604,28.0315],[95.8498,28.0571],[95.7213,28.2832],[95.6391,28.3038],[95.4696,28.1805],[95.3899,28.1539],[95.336,28.0726],[95.2846,27.9647]],[[93.9642,25.9455],[93.9231,26.0072],[94.0207,26.1819],[94.1184,26.3463],[94.1749,26.5158],[94.3496,26.6443],[94.5808,26.7008]]]}},{"type":"Feature","properties":{"name":"Eurasian:North American"},"geometry":{"type":"MultiLineString","coordinates":[[[66.301,86.606],[66.544,86.655]],[[66.544,86.655],[62.463,86.755],[61.506,86.805],[58.018,86.787],[54.561,86.746],[50.77,86.706],[47.523,86.641],[46.063,86.598]],[[46.063,86.598],[46.314,86.561]],[[70.0895,86.404],[66.301,86.606]],[[46.314,86.561],[43.479,86.496],[41.756,86.432],[38.301,86.291],[35.607,86.161],[33.34,86.053],[30.972,85.908],[29.229,85.81],[28.143,85.874],[27.427,85.867],[25.383,85.859],[23.347,85.817],[21.343,85.799],[19.285,85.684],[17.89,85.591],[16.063,85.485],[14.666,85.38],[13.242,85.281],[11.704,85.137],[10.659,85.067],[9.809,84.958]],[[9.809,84.958],[8.938,85.009]],[[8.938,85.009],[8.134,84.898],[6.665,84.762],[5.177,84.632],[4.508,84.57]],[[4.508,84.57],[4.035,84.597]],[[4.035,84.597],[3.848,84.561],[3.024,84.462],[2.235,84.343],[1.301,84.223],[0.405,84.102],[-0.469,83.996],[-1.206,83.864],[-2.363,83.69],[-3.204,83.57],[-4.148,83.43],[-5.154,83.249],[-6.234,83.0],[-7.212,82.868]],[[-7.212,82.868],[-5.865,82.691]],[[-5.865,82.691],[-5.01,82.519]],[[-5.01,82.519],[-3.7,82.328]],[[-3.7,82.328],[-3.796,82.29],[-4.537,82.05],[-5.033,81.913],[-3.909,81.62],[-4.152,81.552],[-4.641,81.37]],[[-4.641,81.37],[-3.454,81.251],[-2.414,81.126]],[[-2.414,81.126],[-2.779,80.993],[-3.364,80.792]],[[-3.364,80.792],[-2.942,80.756],[-1.684,80.625]],[[-1.684,80.625],[-2.341,80.37]],[[-2.341,80.37],[-1.766,80.309],[-0.969,80.213],[-0.251,80.142],[0.628,80.026],[1.487,79.909],[2.378,79.78],[3.296,79.658],[4.39,79.533]],[[4.39,79.533],[3.901,79.228],[3.432,79.03]],[[3.432,79.03],[3.857,78.95],[4.691,78.806],[5.592,78.641],[6.776,78.444],[7.785,78.235]],[[125.7011,78.1741],[125.5806,78.3047],[125.2837,78.8229],[125.1481,78.9943],[125.0112,79.0664],[123.408,79.759],[122.639,80.206],[121.898,80.643],[121.004,81.115],[119.984,81.595],[119.2687,81.9931],[118.9997,82.0939],[117.8578,82.2811],[117.6608,82.3435],[117.171,82.539],[116.582,82.74],[115.793,83.014],[115.258,83.151],[114.558,83.321],[113.723,83.512],[112.843,83.674],[111.974,83.824],[110.959,83.965],[109.727,84.11],[108.939,84.194],[107.709,84.295],[106.759,84.369],[105.302,84.485],[103.943,84.578],[102.918,84.664],[99.444,84.911],[98.568,84.96],[97.273,85.028],[95.839,85.102],[94.155,85.155],[92.313,85.229],[89.98,85.296],[88.486,85.346],[86.802,85.418],[84.802,85.5],[83.143,85.556],[81.103,85.639],[78.403,85.768],[76.326,85.917],[75.029,85.989],[72.984,86.106],[70.926,86.203],[70.0895,86.404]],[[7.785,78.235],[7.827,78.09],[7.771,77.911],[7.88,77.712],[7.809,77.479],[7.672,77.148],[7.622,76.969],[7.615,76.799],[7.563,76.602],[7.557,76.431],[7.48,76.279],[7.515,76.117],[7.593,75.981],[7.603,75.729],[7.842,75.527],[7.946,75.382],[8.212,75.188],[8.46,75.076],[8.63,74.946],[8.781,74.763],[8.984,74.543],[9.133,74.377],[9.153,74.233],[9.208,74.096],[9.203,73.979],[9.14,73.882],[9.037,73.758],[8.957,73.706],[8.838,73.628],[8.652,73.534],[8.386,73.485],[8.15,73.427],[7.791,73.371],[7.391,73.252],[7.071,73.203],[6.782,73.145],[6.055,73.019],[5.586,72.924],[4.97,72.821],[4.3,72.697],[3.609,72.58],[2.781,72.433],[1.991,72.328],[0.901,72.134],[0.281,72.015],[-0.392,71.91],[-0.975,71.815],[-1.743,71.685],[-2.399,71.592],[-2.937,71.5],[-3.692,71.398]],[[-3.692,71.398],[-4.072,71.491]],[[-4.072,71.491],[-4.36,71.432],[-4.741,71.333]],[[-4.741,71.333],[-5.157,71.431],[-5.699,71.54]],[[-11.37,71.774],[-11.714,71.588],[-12.106,71.396],[-12.359,71.252]],[[-5.699,71.54],[-5.917,71.465],[-6.333,71.387],[-6.9,71.282],[-7.375,71.125]],[[-7.375,71.125],[-7.941,71.217],[-9.393,71.456],[-10.356,71.615],[-11.37,71.774]],[[-12.359,71.252],[-11.865,71.147],[-11.356,71.052]],[[-11.356,71.052],[-11.669,70.876],[-12.009,70.706],[-12.255,70.563]],[[-12.255,70.563],[-12.905,70.698],[-13.396,70.772],[-13.892,70.816]],[[-13.892,70.816],[-14.036,70.726],[-14.237,70.517],[-14.448,70.354]],[[-14.448,70.354],[-14.734,70.389]],[[-16.487,68.808],[-16.263,69.038],[-16.034,69.265],[-15.716,69.55],[-15.425,69.84],[-15.024,70.169],[-14.734,70.389]],[[-17.154,68.865],[-16.487,68.808]],[[-19.099,67.058],[-18.756,67.443],[-18.49,67.738],[-18.22,68.066],[-17.829,68.4],[-17.392,68.7],[-17.154,68.865]],[[141.242,66.979],[140.33,67.447],[139.5051,67.8495],[139.384,67.9412],[139.2845,68.0409],[138.963,68.477],[138.6029,68.9394],[138.4703,69.0514],[138.3405,69.1357],[137.368,69.635],[136.758,69.954],[135.9553,70.5152],[135.5672,70.7264],[134.854,71.268],[134.017,71.865],[133.267,72.282],[132.483,72.695],[131.263,73.371],[130.2,74.018],[129.595,74.479],[129.0865,74.8437],[128.9455,74.9608],[128.8433,75.0804],[128.519,75.494],[128.05,76.05],[127.634,76.643],[127.2657,77.1234],[127.1526,77.2253],[127.0512,77.3147],[126.457,77.684],[125.8201,78.0516],[125.6919,78.1787]],[[-18.118,66.934],[-19.099,67.058]],[[-18.247,66.781],[-18.118,66.934]],[[-17.473,66.685],[-18.247,66.781]],[[-17.718,66.365],[-17.473,66.685]],[[-16.507,66.203],[-17.718,66.365]],[[-19.238,63.862],[-19.041,63.985],[-18.626,64.182],[-17.822,64.489],[-17.368,64.737],[-17.141,64.995],[-17.025,65.379],[-16.859,65.677],[-16.656,65.943],[-16.507,66.203]],[[-21.298,64.067],[-20.731,64.017],[-20.097,63.949],[-19.238,63.862]],[[-23.059,63.65],[-22.872,63.767],[-22.537,63.836],[-22.066,63.922],[-21.298,64.067]],[[-23.33,63.651],[-23.059,63.65]],[[-25.311,62.614],[-25.156,62.71],[-25.035,62.8],[-24.888,62.924],[-24.721,62.992],[-24.519,63.11],[-24.255,63.23],[-24.01,63.355],[-23.74,63.474],[-23.487,63.568],[-23.33,63.651]],[[-25.449,62.62],[-25.311,62.614]],[[-28.927,60.333],[-28.829,60.419],[-28.642,60.566],[-28.408,60.704],[-28.192,60.848],[-28.024,60.956],[-27.854,61.066],[-27.582,61.252],[-27.389,61.398],[-27.226,61.532],[-27.032,61.665],[-26.768,61.825],[-26.527,61.939],[-26.309,62.105],[-26.107,62.237],[-25.875,62.375],[-25.643,62.503],[-25.449,62.62]],[[-29.028,60.34],[-28.927,60.333]],[[-29.028,60.34],[-29.118,60.273],[-29.225,60.168],[-29.372,60.083],[-29.507,59.969],[-29.636,59.868],[-29.85,59.751],[-30.043,59.618],[-30.163,59.529],[-30.306,59.39],[-30.453,59.238],[-30.647,59.092],[-30.791,58.941]],[[-30.791,58.941],[-30.977,58.976]],[[-30.977,58.976],[-31.039,58.892],[-31.178,58.805],[-31.303,58.69],[-31.427,58.574],[-31.556,58.447]],[[-31.556,58.447],[-31.745,58.468]],[[-31.745,58.468],[-31.8,58.397],[-31.872,58.34],[-31.983,58.249],[-32.123,58.148],[-32.28,57.998]],[[-32.28,57.998],[-32.472,58.006]],[[-32.472,58.006],[-32.492,57.957],[-32.619,57.88],[-32.708,57.773],[-32.806,57.642]],[[-32.806,57.642],[-32.918,57.667]],[[-32.918,57.667],[-32.964,57.608],[-33.01,57.548],[-33.07,57.451],[-33.203,57.285]],[[-33.203,57.285],[-33.377,57.265],[-33.497,57.264]],[[-33.497,57.264],[-33.509,57.162],[-33.535,57.088],[-33.566,57.001],[-33.587,56.875]],[[-33.587,56.875],[-33.682,56.871],[-33.796,56.883],[-33.978,56.902]],[[-33.978,56.902],[-34.004,56.827],[-34.043,56.78],[-34.072,56.739]],[[-34.072,56.739],[-34.218,56.746]],[[-34.218,56.746],[-34.247,56.659],[-34.321,56.577],[-34.346,56.502]],[[-34.346,56.502],[-34.44,56.499]],[[-34.44,56.499],[-34.46,56.436],[-34.493,56.337],[-34.51,56.21],[-34.558,56.061],[-34.62,55.939],[-34.638,55.812]],[[-34.638,55.812],[-34.877,55.848]],[[-34.877,55.848],[-34.901,55.774],[-34.972,55.691],[-35.08,55.484],[-35.173,55.326],[-35.251,55.141],[-35.339,54.996]],[[-35.339,54.996],[-35.212,54.971]],[[-35.212,54.971],[-35.274,54.913],[-35.289,54.786],[-35.365,54.678],[-35.412,54.516],[-35.488,54.331]],[[-35.488,54.331],[-35.313,54.327],[-35.121,54.308]],[[-35.121,54.308],[-35.147,54.22],[-35.201,54.111],[-35.27,53.951],[-35.327,53.828],[-35.395,53.668],[-35.452,53.546]],[[-35.452,53.546],[-35.246,53.512]],[[-35.246,53.512],[-35.257,53.475],[-35.282,53.388],[-35.325,53.238]],[[-35.325,53.238],[-35.183,53.21]],[[-35.183,53.21],[-35.184,53.134],[-35.161,52.99],[-35.156,52.861],[-35.138,52.705]],[[-34.884,52.704],[-34.925,52.708]],[[-35.138,52.705],[-35.011,52.704],[-34.884,52.704]],[[-34.925,52.708],[-34.572,52.682],[-34.174,52.663],[-33.712,52.648],[-33.335,52.628],[-33.02,52.615],[-32.857,52.595],[-32.649,52.581],[-32.359,52.556],[-32.054,52.516],[-31.866,52.504],[-31.582,52.465],[-31.257,52.42]],[[-31.257,52.42],[-31.265,52.343],[-31.253,52.263],[-31.268,52.109]],[[-31.268,52.109],[-31.058,52.105],[-30.807,52.095],[-30.376,52.057],[-30.026,52.03]],[[-30.026,52.03],[-30.036,51.953],[-30.011,51.857],[-30.006,51.765],[-30.001,51.62],[-29.996,51.424],[-30.001,51.254],[-29.976,51.107],[-29.982,50.99],[-29.942,50.931],[-29.909,50.861],[-29.875,50.79],[-29.831,50.743],[-29.768,50.694],[-29.662,50.598],[-29.537,50.5],[-29.508,50.469],[-29.427,50.416],[-29.322,50.32],[-29.198,50.221],[-29.126,50.195],[-29.022,50.152],[-28.995,50.068],[-28.987,49.988],[-28.96,49.905],[-28.895,49.815],[-28.869,49.731],[-28.818,49.657]],[[-28.818,49.657],[-28.718,49.653],[-28.562,49.639]],[[-28.562,49.639],[-28.545,49.583],[-28.486,49.481],[-28.452,49.369],[-28.426,49.286],[-28.353,49.22],[-28.317,49.161],[-28.263,49.099],[-28.206,48.996],[-28.162,48.909],[-28.087,48.803],[-28.035,48.688],[-28.011,48.605]],[[-28.011,48.605],[-27.889,48.609],[-27.76,48.585]],[[-27.564,47.651],[-27.463,47.658]],[[-27.76,48.585],[-27.749,48.517],[-27.731,48.421],[-27.712,48.325],[-27.704,48.205],[-27.654,48.09],[-27.635,47.994],[-27.622,47.886],[-27.59,47.775],[-27.564,47.651]],[[-27.463,47.658],[-27.448,47.602],[-27.443,47.522],[-27.464,47.473],[-27.458,47.393],[-27.461,47.341],[-27.474,47.264],[-27.441,47.205],[-27.382,47.114],[-27.334,46.999],[-27.347,46.922],[-27.377,46.849],[-27.378,46.757]],[[-27.378,46.757],[-27.436,46.755]],[[-27.436,46.755],[-27.444,46.691],[-27.446,46.638],[-27.472,46.485],[-27.487,46.356],[-27.489,46.304],[-27.512,46.203]],[[-27.512,46.203],[-27.565,46.213]],[[-27.565,46.213],[-27.572,46.149],[-27.585,46.072],[-27.602,45.983]],[[-27.602,45.983],[-27.677,45.985]],[[-27.677,45.985],[-27.697,45.936],[-27.699,45.883]],[[-27.699,45.883],[-27.739,45.878]],[[-27.739,45.878],[-27.759,45.829],[-27.773,45.7],[-27.795,45.599],[-27.825,45.526]],[[-27.825,45.526],[-27.877,45.536]],[[-27.877,45.536],[-27.864,45.521],[-27.862,45.48],[-27.871,45.456]],[[-27.871,45.456],[-27.924,45.466]],[[-27.924,45.466],[-27.938,45.43],[-27.935,45.39],[-27.937,45.337]],[[-27.937,45.337],[-27.972,45.344]],[[-27.972,45.344],[-27.979,45.28],[-27.986,45.215],[-27.988,45.163],[-27.994,45.098]],[[-27.994,45.098],[-28.076,45.127]],[[-28.076,45.127],[-28.1,45.066],[-28.115,45.03],[-28.139,44.968],[-28.157,44.92]],[[-28.157,44.92],[-28.106,44.909]],[[-28.106,44.909],[-28.142,44.864],[-28.144,44.812],[-28.168,44.75],[-28.215,44.628],[-28.257,44.518],[-28.282,44.405],[-28.32,44.307],[-28.367,44.184]],[[-28.367,44.184],[-28.435,44.198]],[[-28.435,44.198],[-28.436,44.145],[-28.455,44.096],[-28.483,44.023],[-28.481,43.931],[-28.513,43.845],[-28.524,43.768]],[[-28.524,43.768],[-28.796,43.768]],[[-28.796,43.768],[-28.84,43.698],[-28.885,43.628],[-28.934,43.493],[-29.008,43.389],[-29.091,43.208],[-29.174,43.08]],[[-29.174,43.08],[-29.317,43.081]],[[-29.317,43.081],[-29.317,43.028],[-29.327,42.951],[-29.349,42.838],[-29.372,42.724]],[[-29.372,42.724],[-29.321,42.715]],[[-29.321,42.715],[-29.318,42.674],[-29.339,42.613],[-29.37,42.527],[-29.392,42.413],[-29.435,42.291]],[[-29.435,42.291],[-29.223,42.289]],[[-29.223,42.289],[-29.223,42.237],[-29.245,42.175],[-29.242,42.083],[-29.261,41.929]],[[-29.261,41.929],[-29.162,41.91]],[[-29.162,41.91],[-29.2,41.8],[-29.206,41.683],[-29.245,41.52],[-29.292,41.385],[-29.322,41.247]],[[-29.322,41.247],[-29.229,41.215]],[[-29.229,41.215],[-29.242,41.126],[-29.256,40.985],[-29.278,40.871],[-29.3,40.705],[-29.346,40.57]],[[-29.346,40.57],[-29.56,40.599]],[[-29.56,40.599],[-29.577,40.549],[-29.569,40.47],[-29.598,40.383],[-29.631,40.285],[-29.64,40.208],[-29.656,40.107]],[[-29.656,40.107],[-29.588,40.106]],[[-29.588,40.106],[-29.58,40.079],[-29.613,40.033],[-29.609,39.993],[-29.77,39.4]],[[138.674,35.034],[138.421,35.36],[138.259,35.734],[138.121,36.027],[137.894,36.311],[137.854,36.6],[137.902,37.184],[137.889,37.856],[137.848,38.485],[137.774,38.982],[137.845,39.404],[138.085,39.659],[138.352,39.832],[138.655,40.072],[138.655,40.474],[138.756,40.782],[138.475,41.103],[138.489,41.482],[138.743,41.769],[138.824,41.995],[138.811,42.766],[138.801,43.192],[138.563,43.939],[138.577,44.295],[138.85,44.811],[139.038,45.412],[139.158,45.947],[139.37,46.224],[139.938,46.516],[140.553,46.956],[141.178,47.392],[142.023,48.051],[142.878,48.704],[142.761,49.241],[142.641,49.778],[142.521,50.318],[142.398,50.857],[142.541,51.7],[142.692,52.542],[142.784,53.042],[142.849,53.384],[142.409,54.035],[142.179,54.574],[141.943,55.112],[141.7,55.65],[141.451,56.188],[141.535,56.658],[141.621,57.128],[141.709,57.598],[141.8,58.069],[141.893,58.539],[141.988,59.009],[142.086,59.479],[142.187,59.948],[142.943,60.282],[143.715,60.611],[144.502,60.935],[145.306,61.255],[146.126,61.57],[146.963,61.88],[146.499,62.734],[146.008,63.587],[145.487,64.438],[144.932,65.286],[144.344,65.803],[143.731,66.318],[142.503,66.654],[141.242,66.979]]]}},{"type":"Feature","properties":{"name":"Eurasian:Philippine"},"geometry":{"type":"MultiLineString","coordinates":[[[138.674,35.034],[138.508,34.582],[138.383,34.059],[138.066,33.75],[137.546,33.405],[137.03,33.053],[136.524,32.868],[136.025,32.686],[135.612,32.537],[135.356,32.46],[135.026,32.326],[134.691,32.2],[134.042,31.882],[133.5,31.515],[133.197,31.216],[132.965,30.97],[132.824,30.754]],[[132.824,30.754],[132.63,30.493],[132.438,30.2696],[132.3401,30.0665],[132.2306,29.8311],[132.0599,29.6058],[131.9527,29.2845],[131.7967,29.0053],[131.5914,28.8212],[131.4235,28.6373],[131.2441,28.4529],[130.9078,28.2546],[130.7054,28.0901],[130.523,27.709],[130.4105,27.3872],[130.215,27.0929],[130.0074,26.8406],[129.836,26.6103],[129.36,26.191],[129.0245,25.7881],[128.7304,25.4969],[128.3024,25.2184],[127.907,24.969],[127.3847,24.5398],[126.901,24.101],[126.426,23.761],[125.954,23.498],[125.55,23.38]],[[125.55,23.38],[125.0128,23.2947],[124.4843,23.2647],[123.9728,23.2989]],[[122.1241,23.1221],[122.2724,23.1157],[122.551,23.1112],[122.8166,23.1209],[123.0755,23.14],[123.3845,23.1683],[123.6456,23.2237],[123.9111,23.2948]],[[122.6118,15.7692],[123.1112,15.7282],[123.5296,15.6436],[123.8701,15.5387],[124.1359,15.3762],[124.4266,15.1543],[124.7018,14.9135],[124.8651,14.7562]],[[122.8761,16.9631],[122.8895,16.6078],[122.8844,16.4424],[122.8258,16.2273],[122.7439,16.0369],[122.6027,15.862]],[[124.891,14.704],[125.15,14.132],[125.494,13.306],[125.5427,13.1822],[125.686,12.818],[126.0166,12.2502],[126.1466,11.6553],[126.2752,11.0582],[126.5635,10.4937],[126.7114,10.0322],[126.824,9.449],[127.053,8.75],[127.1432,8.4165],[127.219,8.136],[127.2288,7.5849],[127.234,7.292],[127.25,6.447],[127.459,5.897],[127.498,5.474],[127.836,5.224],[128.151,4.763],[128.387,4.335],[128.684,3.7],[128.998,3.114],[129.217,2.671],[129.246,1.928],[129.2174,1.3984]]]}},{"type":"Feature","properties":{"name":"Fiji Fracture Zone"},"geometry":{"type":"MultiLineString","coordinates":[[[178.562,-15.897],[178.936,-15.812],[179.332,-15.729],[179.614,-15.678],[179.8115,-15.6608]],[[173.8847,-16.8416],[173.901,-16.849],[174.503,-16.563]],[[174.885,-16.873],[175.107,-16.748],[175.226,-16.741],[175.381,-16.629],[175.487,-16.622],[175.612,-16.586],[175.893,-16.558],[176.0814,-16.5541],[176.184,-16.552],[176.377,-16.569],[176.545,-16.557],[176.671,-16.553],[176.79,-16.545],[176.883,-16.544],[176.949,-16.523],[177.035,-16.516],[177.13,-16.505],[177.19,-16.504],[177.269,-16.506],[177.412,-16.51]],[[177.4,-16.212],[177.588,-16.224],[177.721,-16.229],[177.806,-16.227],[177.876,-16.222],[178.007,-16.172],[178.086,-16.148],[178.171,-16.115],[178.283,-16.11],[178.402,-16.104],[178.491,-16.092]],[[174.503,-16.563],[174.885,-16.873]],[[177.412,-16.51],[177.414,-16.3],[177.345,-16.302],[177.4,-16.212]],[[178.491,-16.092],[178.524,-15.984],[178.562,-15.897]]]}},{"type":"Feature","properties":{"name":"Fonualei Rift"},"geometry":{"type":"MultiLineString","coordinates":[[[-175.21,-19.704],[-175.189,-19.459],[-175.155,-19.225],[-175.095,-19.002],[-175.035,-18.788],[-174.956,-18.605],[-174.87,-18.416],[-174.757,-18.231],[-174.659,-18.035],[-174.568,-17.842],[-174.56,-17.63],[-174.597,-17.612],[-174.597,-17.612],[-174.571,-17.36],[-174.599,-17.32],[-174.565,-17.101],[-174.523,-17.066],[-174.529,-16.874],[-174.535,-16.735],[-174.55,-16.597],[-174.576,-16.355],[-174.569,-16.201],[-174.568,-16.052],[-174.601,-15.936]],[[-174.601,-15.936],[-174.87,-15.88],[-174.8695,-15.8609]]]}},{"type":"Feature","properties":{"name":"Futuna Spreading Center"},"geometry":{"type":"LineString","coordinates":[[-179.739,-15.542],[-179.444,-15.527],[-179.288,-14.936],[-179.048,-14.928],[-178.888,-14.224],[-178.768,-14.23],[-178.733,-13.986],[-178.726,-13.9907]]}},{"type":"Feature","properties":{"name":"Haiyuan"},"geometry":{"type":"LineString","coordinates":[[97.5224,38.6093],[97.6583,38.4988],[97.8282,38.3969],[98.1085,38.3035],[98.4398,38.2355],[98.7456,38.227],[99.0344,38.2185],[99.3062,38.21],[99.4761,38.21],[99.7309,38.1506],[100.1471,38.0232],[100.7587,37.8448],[100.9796,37.8023],[101.0985,37.8023],[101.2514,37.8023],[101.3448,37.8023],[101.4722,37.7429],[101.8035,37.5135],[102.0668,37.3776],[102.2792,37.3012],[102.5764,37.2502],[103.2475,37.1738],[104.0969,37.0379],[104.6405,36.9189],[105.0058,36.817],[105.422,36.6471],[105.7872,36.4433],[105.9656,36.2904],[106.0845,36.163],[106.178,36.061]]}},{"type":"Feature","properties":{"name":"Hazel Holmes Extensional Zone"},"geometry":{"type":"LineString","coordinates":[[172.6201,-13.419],[172.571,-13.411],[172.434,-13.435],[172.3,-13.481],[172.163,-13.569],[171.972,-13.678],[171.619,-13.75],[171.296,-13.793],[171.295,-14.066],[171.181,-14.083],[170.945,-14.093],[170.642,-14.088],[170.638,-13.942],[170.15,-13.974],[169.739,-13.954],[169.739,-13.824],[169.622,-13.808],[169.456,-13.811],[169.231,-13.8],[169.234,-13.651],[169.026,-13.639],[168.792,-13.63],[168.577,-13.602],[168.596,-13.514],[168.159,-13.515],[167.157,-13.649],[166.2636,-13.7648]]}},{"type":"Feature","properties":{"name":"Indian:Arabian"},"geometry":{"type":"MultiLineString","coordinates":[[[65.028,24.382],[64.651,24.038],[64.275,23.694],[63.631,23.201],[62.877,22.683],[62.502,22.385],[62.132,22.083]],[[62.132,22.083],[62.096,21.425]],[[62.096,21.425],[61.848,21.126],[61.492,20.644],[61.23,20.23],[60.97,19.813]],[[59.909,15.572],[59.964,16.142],[60.02,16.713],[60.062,17.458],[60.215,18.24],[60.456,18.798],[60.712,19.306],[60.97,19.813]],[[59.41,14.895],[59.642,15.242],[59.909,15.572]],[[59.034,15.088],[59.41,14.895]],[[58.589,14.646],[59.034,15.088]],[[58.213,14.916],[58.589,14.646]],[[57.984,14.599],[58.213,14.916]],[[56.265,14.623],[57.001,14.66],[57.476,14.662],[57.984,14.599]]]}},{"type":"Feature","properties":{"name":"Indo-Tsangpo Suture"},"geometry":{"type":"LineString","coordinates":[[82.3807,30.5291],[82.5063,30.5191],[82.6789,30.4966],[82.8403,30.459],[82.998,30.4178],[83.114,30.37],[83.1256,30.3652],[83.2382,30.2976],[83.3958,30.2076],[83.5422,30.1137],[83.6323,30.0387],[84.0526,29.8172],[84.169,29.7797],[84.3041,29.7572],[84.4505,29.6859],[84.6719,29.5808],[84.8371,29.4982],[85.0172,29.4607],[85.1336,29.4569],[85.2837,29.4419],[85.5127,29.4419],[85.7304,29.4419],[85.9331,29.4194],[86.2371,29.3556],[86.4773,29.3443],[86.6237,29.3255],[86.8714,29.2918],[87.0666,29.2805],[87.2805,29.2843],[87.6408,29.2467],[87.8885,29.243],[88.1025,29.2167],[88.3239,29.1641],[88.5078,29.1379],[88.7368,29.1491],[89.0446,29.1979],[89.3261,29.2392],[89.5475,29.2993],[89.9716,29.2167],[90.2644,29.228],[90.5271,29.2692],[90.8011,29.2617],[91.0638,29.2505],[91.4542,29.2355],[91.7169,29.2129],[91.8821,29.2204],[92.051,29.2167],[92.2349,29.1904],[92.4263,29.1454],[92.6252,29.0703],[92.8579,29.044],[93.1019,28.999],[93.4059,28.9727],[93.815,29.0028],[94.0064,29.0853],[94.4681,29.3743],[94.5472,29.4316]]}},{"type":"Feature","properties":{"name":"Karakoram"},"geometry":{"type":"MultiLineString","coordinates":[[[78.4106,33.9709],[78.5998,33.7296],[78.6629,33.598],[78.7863,33.4197],[78.9014,33.3018],[79.0194,33.1647],[79.1106,33.0715],[79.2716,32.907],[79.4581,32.704],[79.5596,32.6135],[79.7104,32.4353],[79.8859,32.2488],[79.9215,32.1693],[80.0093,32.0404],[80.1107,31.9527],[80.2012,31.8512],[80.278,31.7114],[80.2999,31.6401],[80.3383,31.5743],[80.3849,31.5139],[80.4398,31.4701],[80.5275,31.4207],[80.618,31.3604],[80.7551,31.2507],[80.8813,31.1931],[81.1051,31.0674],[81.15,31.0341],[81.2789,30.9792],[81.4516,30.875],[81.5531,30.8476],[81.6655,30.8065],[81.8877,30.7571],[81.9973,30.7571],[82.0851,30.7269],[82.2085,30.6748],[82.2406,30.6574],[82.268,30.6425],[82.3298,30.5954],[82.3809,30.5292]],[[75.3903,37.3053],[75.4372,37.1245],[75.6916,36.8366],[76.1736,36.3546],[76.669,35.8994],[76.8096,35.7789],[76.9702,35.5379],[77.1577,35.3437],[77.2916,35.0893],[77.5305,34.768],[77.6963,34.5215],[77.7815,34.39],[77.818,34.3389],[77.8667,34.2829],[78.0956,34.1125],[78.1613,34.0127],[78.2635,33.9323],[78.3049,33.8739],[78.4047,33.7814],[78.5825,33.6086]]]}},{"type":"Feature","properties":{"name":"Kilinailau Trench"},"geometry":{"type":"LineString","coordinates":[[149.2565,-0.4701],[149.27,-0.65],[149.481,-0.818],[149.769,-1.005],[150.023,-1.021],[150.344,-1.123],[150.717,-1.224],[151.089,-1.308],[151.427,-1.46],[151.816,-1.646],[152.155,-1.865],[152.578,-2.134],[152.916,-2.15],[153.119,-2.2],[153.39,-2.436],[153.542,-2.604],[153.711,-2.688],[153.882,-3.041],[154.035,-3.327],[154.256,-3.612],[154.359,-3.948],[154.7,-4.283],[154.955,-4.55],[154.992,-4.887],[154.978,-5.24],[154.592,-5.581],[154.545,-5.901],[154.533,-6.423],[154.73,-6.858],[154.9259,-7.2902]]}},{"type":"Feature","properties":{"name":"Kunlun Fault"},"geometry":{"type":"LineString","coordinates":[[90.4862,36.2108],[90.6946,36.1618],[91.5607,35.9739],[91.8753,35.9248],[92.6966,35.8554],[93.5296,35.7427],[94.2145,35.7339],[95.2542,35.7818],[96.0387,35.7532],[96.913,35.6021],[97.5952,35.5408],[98.3768,35.3388],[98.7807,35.1983],[99.1765,35.0505],[99.4462,34.8871],[99.6872,34.6624],[100.1898,34.4744],[100.7915,34.3202],[101.3184,34.2499],[101.6852,34.1026],[102.1305,33.9514],[102.4363,33.8845],[102.6793,33.8033]]}},{"type":"Feature","properties":{"name":"Longmen Shan Thrust Belt"},"geometry":{"type":"LineString","coordinates":[[106.046,32.7526],[105.8184,32.6433],[105.6089,32.5204],[105.4451,32.4111],[105.2857,32.2973],[105.1947,32.2063],[105.0399,32.0879],[104.876,32.0196],[104.7394,31.9149],[104.6542,31.7985],[104.5962,31.7045],[104.5326,31.6692],[104.3985,31.6375],[104.3067,31.5881],[104.2609,31.5457],[104.2256,31.4928],[104.1585,31.4363],[104.1232,31.3692],[104.0562,31.2951],[104.0032,31.2034],[103.7985,31.1469],[103.682,31.0869],[103.6397,31.041],[103.6114,30.9845],[103.5867,30.9281],[103.5903,30.8504],[103.5197,30.7869],[103.4703,30.7375],[103.4511,30.7063],[103.4329,30.6698],[103.3327,30.5105],[103.1916,30.3739],[103.0232,30.2829],[102.8729,30.1873],[102.7181,30.0689]]}},{"type":"Feature","properties":{"name":"Main Pamir Thrust"},"geometry":{"type":"LineString","coordinates":[[69.3627,36.9747],[69.3818,37.0481],[69.4744,37.1119],[69.5478,37.2428],[69.583,37.3386],[69.6245,37.4535],[69.6468,37.5652],[69.6564,37.6451],[69.6915,37.7376],[69.7458,37.8462],[69.8639,38.0824],[69.9628,38.2229],[70.0331,38.3218],[70.1448,38.4431],[70.3108,38.5932],[70.6524,38.7911],[70.8503,38.8741],[70.9907,38.973],[71.1351,39.0442],[71.211,39.0816],[71.4217,39.1454],[71.5717,39.1486],[71.7633,39.155],[71.9452,39.1678],[72.1144,39.2061],[72.3474,39.2444],[72.4783,39.2539]]}},{"type":"Feature","properties":{"name":"Manokwari Trough"},"geometry":{"type":"LineString","coordinates":[[129.1364,1.1317],[129.197,1.059],[129.989,0.684],[130.546,0.475],[131.102,0.266],[131.738,0.15],[132.373,0.034],[132.5013,0.0182]]}},{"type":"Feature","properties":{"name":"Manus Trough"},"geometry":{"type":"LineString","coordinates":[[142.4846,-2.2563],[142.626,-1.916],[142.922,-1.454],[143.26,-1.16],[143.808,-0.951],[144.357,-0.742],[145.033,-0.534],[145.497,-0.473],[145.919,-0.349],[146.595,-0.29],[147.059,-0.294],[147.354,-0.275],[147.859,-0.426],[148.344,-0.409],[148.724,-0.392],[148.913,-0.457],[149.2698,-0.6518]]}},{"type":"Feature","properties":{"name":"Mapia Ridge"},"geometry":{"type":"LineString","coordinates":[[132.5013,0.0182],[132.651,0.812],[132.72,1.165],[132.734,1.728],[132.766,2.257],[132.817,2.539],[132.85,2.908],[132.795,3.312],[132.74,3.698],[132.79,4.12],[132.911,4.454],[133.032,4.788],[133.189,5.016],[133.24,5.349],[133.308,5.734],[133.429,5.962],[133.674,6.156],[133.9905,6.3344]]}},{"type":"Feature","properties":{"name":"Mariana Trough"},"geometry":{"type":"MultiLineString","coordinates":[[[143.1155,11.4671],[143.0856,11.8277],[143.106,12.03],[143.143,12.265],[143.239,12.478],[143.403,12.695],[143.51,12.822],[143.662,13.058],[143.771,13.268],[143.871,13.541],[143.903,13.623],[143.942,13.811],[143.976,14.087],[144.082,14.639]],[[143.575,20.397],[143.493,20.532],[143.392,20.728],[143.281,20.962],[143.321,21.061],[143.28,21.32],[143.218,21.659],[143.15,21.928],[142.997,22.139],[142.774,22.377],[142.56,22.662],[142.2814,22.981]],[[144.137,19.753],[144.083,19.858],[143.97,20.111],[143.842,20.418]],[[144.97,17.535],[144.773,17.829],[144.706,18.02],[144.663,18.166],[144.626,18.359],[144.601,18.756],[144.543,19.073],[144.527,19.123],[144.252,19.725]],[[144.799,15.653],[144.792,16.123],[144.841,16.478],[144.798,16.979],[144.671,17.42]],[[144.53,14.917],[144.453,15.526]],[[144.216,14.656],[144.334,14.884]],[[144.252,19.725],[144.137,19.753]],[[144.671,17.42],[144.97,17.535]],[[144.453,15.526],[144.799,15.653]],[[144.334,14.884],[144.53,14.917]],[[144.082,14.639],[144.216,14.656]],[[143.842,20.418],[143.575,20.397]]]}},{"type":"Feature","properties":{"name":"Matano Fault"},"geometry":{"type":"LineString","coordinates":[[122.7803,-2.5803],[122.223,-2.35],[121.728,-2.154],[121.234,-1.959],[120.811,-1.71],[120.388,-1.461],[119.896,-0.859],[119.5351,-0.1921]]}},{"type":"Feature","properties":{"name":"Morrocoy Fault Zone"},"geometry":{"type":"LineString","coordinates":[[-70.5533,13.2141],[-70.496,13.162],[-70.183,12.93],[-69.863,12.668],[-69.594,12.45],[-69.348,12.175],[-69.024,11.844],[-68.73,11.513],[-68.379,11.174],[-68.087,10.815],[-68.029,10.6695],[-67.961,10.499],[-67.9656,10.4993]]}},{"type":"Feature","properties":{"name":"N.A.-S.A. Plate Boundary"},"geometry":{"type":"LineString","coordinates":[[-61.3847,19.0114],[-60.753,19.208],[-59.949,19.455],[-59.13,19.325],[-58.309,19.192],[-57.493,19.052],[-56.804,18.694],[-56.118,18.258],[-55.484,17.784],[-54.852,17.309],[-54.156,17.136],[-53.46,16.956],[-52.881,16.761],[-52.304,16.567],[-51.661,16.321],[-51.024,16.073],[-50.467,15.87],[-49.803,15.983],[-49.207,16.035],[-48.515,16.013],[-47.693,15.957],[-47.398,15.804],[-46.817,15.4795]]}},{"type":"Feature","properties":{"name":"Nazca"},"geometry":{"type":"MultiLineString","coordinates":[[[-112.208,-22.821],[-111.924,-23.016],[-111.741,-23.209],[-111.871,-23.327],[-111.864,-23.475],[-111.832,-23.728],[-111.763,-23.86],[-111.713,-24.032]],[[-111.713,-24.032],[-112.098,-24.11]],[[-112.098,-24.11],[-112.123,-24.222],[-112.103,-24.448],[-112.048,-24.659],[-111.977,-24.891],[-111.978,-25.027]],[[-111.978,-25.027],[-112.453,-25.059]],[[-112.453,-25.059],[-112.443,-25.198],[-112.388,-25.429],[-112.366,-25.564],[-112.364,-25.664],[-112.437,-25.683],[-112.455,-25.786]],[[-112.455,-25.786],[-112.541,-25.787]],[[-112.541,-25.787],[-112.55,-25.926]],[[-112.55,-25.926],[-112.62,-25.934]],[[-112.62,-25.934],[-112.672,-26.038],[-112.683,-26.282],[-112.658,-26.554],[-112.684,-26.801]],[[-112.684,-26.801],[-112.947,-26.724]],[[-109.206,-32.661],[-108.972,-32.937],[-109.183,-33.02],[-109.41,-33.14],[-109.323,-33.392],[-109.205,-33.702],[-109.27,-33.917],[-109.277,-34.204],[-109.259,-34.545]]]}},{"type":"Feature","properties":{"name":"Nazca:Cocos"},"geometry":{"type":"MultiLineString","coordinates":[[[-82.6602,7.3124],[-82.6602,7.0644],[-82.6602,6.5083],[-82.6602,5.7792],[-82.6602,5.0002],[-82.6602,4.5091],[-82.6602,4.0181],[-82.6602,3.5411],[-82.5912,3.064]],[[-82.6318,3.1053],[-83.378,3.165],[-83.923,3.139],[-84.467,3.112]],[[-101.203,2.241],[-101.512,2.232]],[[-102.068,2.635],[-101.878,2.642],[-101.697,2.64],[-101.49,2.605],[-101.512,2.232]],[[-95.198,2.507],[-95.224,2.222]],[[-95.224,2.222],[-96.12,2.238]],[[-100.047,2.3],[-100.066,2.207]],[[-92.09,2.2],[-92.245,2.227],[-92.928,2.3],[-93.611,2.372],[-94.404,2.44],[-95.198,2.507]],[[-100.066,2.207],[-100.394,2.207],[-100.644,2.204],[-101.067,2.21],[-101.196,2.199]],[[-101.196,2.199],[-101.203,2.241]],[[-98.889,2.213],[-98.918,2.112]],[[-98.918,2.112],[-99.657,2.19],[-99.739,2.269],[-99.811,2.273],[-99.913,2.272],[-100.047,2.3]],[[-97.551,2.088],[-97.846,2.077],[-98.367,2.145],[-98.889,2.213]],[[-91.538,2.011],[-92.118,1.99]],[[-92.118,1.99],[-92.09,2.2]],[[-97.585,1.898],[-97.551,2.088]],[[-96.12,2.238],[-96.175,1.873]],[[-96.175,1.873],[-96.88,1.886],[-97.585,1.898]],[[-91.561,1.817],[-91.538,2.011]],[[-90.697,1.736],[-91.561,1.817]],[[-84.467,3.112],[-84.567,2.534],[-84.571,2.066],[-84.576,1.598]],[[-84.576,1.598],[-85.349,1.644]],[[-90.663,1.12],[-90.697,1.736]],[[-85.349,1.644],[-85.386,0.832]],[[-85.386,0.832],[-86.266,0.88],[-87.145,0.929],[-88.024,0.977],[-88.904,1.025],[-89.784,1.073],[-90.663,1.12]]]}},{"type":"Feature","properties":{"name":"New Guinea Highlands Fold and Thrust Belt"},"geometry":{"type":"LineString","coordinates":[[146.918,-8.41],[146.398,-8.103],[145.666,-7.661],[145.249,-7.374],[144.74,-7.023],[144.136,-6.813],[143.569,-6.558],[142.956,-6.295],[142.231,-5.986],[141.483,-5.727],[140.847,-5.145],[140.8115,-5.1196]]}},{"type":"Feature","properties":{"name":"Ninety East Sumatra"},"geometry":{"type":"LineString","coordinates":[[94.9755,2.0982],[94.415,1.493],[93.852,0.882],[93.046,0.549],[92.241,0.216],[91.436,-0.117],[90.63,-0.45],[89.825,-0.783],[89.43,-1.179],[89.036,-1.574],[88.828,-2.271],[88.62,-2.969],[87.923,-3.529],[87.225,-4.088],[86.501,-3.716],[85.779,-3.344],[84.987,-3.181],[84.195,-3.017],[83.729,-3.225],[83.263,-3.433],[82.796,-3.641],[82.33,-3.848],[81.701,-4.031],[81.072,-4.213],[80.374,-4.393],[79.676,-4.573],[79.141,-4.752],[78.606,-4.932],[77.981,-4.994],[77.356,-5.055],[76.779,-5.046],[76.203,-5.038],[75.518,-4.776],[74.833,-4.514],[74.358,-4.411],[73.883,-4.307],[73.77,-4.927],[73.704,-5.778],[73.544,-6.191],[73.392,-7.039],[72.884,-7.038],[72.355,-6.867],[71.834,-6.696],[71.312,-6.599],[70.786,-6.502],[70.292,-6.474],[69.806,-6.445],[69.007,-6.538],[68.2719,-6.8058]]}},{"type":"Feature","properties":{"name":"North America:Juan de Fuca"},"geometry":{"type":"LineString","coordinates":[[-124.7844,40.3753],[-124.953,40.633],[-124.933,40.884],[-125.089,41.135],[-125.182,41.38],[-125.309,41.652],[-125.281,41.818],[-125.313,41.986],[-125.331,42.142],[-125.29,42.285],[-125.209,42.359],[-125.198,42.492],[-125.268,42.561],[-125.289,42.862],[-125.289,43.051],[-125.343,43.143],[-125.394,43.267],[-125.474,43.426],[-125.48,43.737],[-125.45,43.925],[-125.429,44.002],[-125.362,44.066],[-125.372,44.323],[-125.372,44.523],[-125.376,44.667],[-125.434,44.725],[-125.437,44.881],[-125.435,45.104],[-125.517,45.474],[-125.655,45.946],[-125.773,46.295],[-125.876,46.643],[-125.998,46.97],[-126.085,47.35],[-126.37,47.748],[-126.486,47.996],[-126.733,48.291],[-127.018,48.565],[-127.378,48.75],[-127.608,48.877],[-127.818,49.08],[-127.852,49.491],[-128.029,49.781],[-128.283,49.885],[-128.414,50.086],[-128.719,50.31],[-129.01,50.479],[-129.46,50.647],[-129.738,50.836],[-129.982,51.101],[-130.212,51.278],[-130.548,51.398],[-130.85,51.612]]}},{"type":"Feature","properties":{"name":"North American:African"},"geometry":{"type":"MultiLineString","coordinates":[[[-29.77,39.4],[-29.909,39.387],[-30.171,38.888],[-30.43,38.388]],[[-30.43,38.388],[-30.605,38.403]],[[-30.605,38.403],[-31.071,37.68]],[[-31.071,37.68],[-31.371,37.705]],[[-31.371,37.705],[-31.516,37.282]],[[-31.516,37.282],[-32.283,37.391]],[[-32.283,37.391],[-32.395,37.137]],[[-32.395,37.137],[-32.646,37.176]],[[-32.646,37.176],[-32.708,37.033]],[[-32.708,37.033],[-32.943,37.065]],[[-32.943,37.065],[-33.005,36.916]],[[-33.005,36.916],[-33.225,36.941]],[[-33.225,36.941],[-33.313,36.691]],[[-33.313,36.691],[-33.595,36.742]],[[-33.595,36.742],[-33.772,36.185]],[[-33.772,36.185],[-33.982,36.221]],[[-33.982,36.221],[-34.057,36.071]],[[-34.057,36.071],[-34.142,36.079]],[[-34.142,36.079],[-34.335,35.616]],[[-34.335,35.616],[-34.459,35.625]],[[-34.459,35.625],[-34.746,35.01]],[[-34.746,35.01],[-35.558,35.148],[-36.373,35.28]],[[-36.373,35.28],[-36.623,34.693]],[[-36.623,34.693],[-36.785,34.712]],[[-36.785,34.712],[-36.862,34.554]],[[-36.862,34.554],[-37.046,34.567]],[[-37.046,34.567],[-37.245,34.124]],[[-37.245,34.124],[-37.336,34.136]],[[-37.336,34.136],[-37.533,33.705]],[[-37.533,33.705],[-37.678,33.736]],[[-37.678,33.736],[-37.798,33.501]],[[-37.798,33.501],[-38.597,33.637],[-39.399,33.768]],[[-39.399,33.768],[-39.586,33.067]],[[-39.586,33.067],[-39.7,33.084]],[[-39.7,33.084],[-40.129,32.444],[-40.553,31.802]],[[-40.553,31.802],[-40.71,31.817]],[[-40.71,31.817],[-41.184,31.194]],[[-41.184,31.194],[-41.43,31.237]],[[-41.43,31.237],[-41.786,30.606],[-42.136,29.973]],[[-42.136,29.973],[-42.729,30.07]],[[-42.729,30.07],[-43.037,29.471]],[[-43.037,29.471],[-43.088,29.469]],[[-43.088,29.469],[-43.483,28.802]],[[-43.483,28.802],[-43.563,28.811]],[[-43.563,28.811],[-43.942,28.105]],[[-43.942,28.105],[-44.022,28.107]],[[-44.022,28.107],[-44.203,27.671],[-44.383,27.236]],[[-44.383,27.236],[-44.506,27.254]],[[-44.506,27.254],[-44.687,26.767],[-44.867,26.28]],[[-44.867,26.28],[-44.816,26.27]],[[-44.816,26.27],[-44.899,26.055]],[[-44.899,26.055],[-45.092,26.081]],[[-45.092,26.081],[-45.296,25.637],[-45.499,25.192]],[[-45.499,25.192],[-45.792,25.254]],[[-45.792,25.254],[-46.119,24.59]],[[-46.119,24.59],[-46.196,24.597]],[[-46.196,24.597],[-46.476,23.917]],[[-46.476,23.917],[-45.699,23.784],[-44.924,23.646]],[[-44.924,23.646],[-45.024,22.963]],[[-45.024,22.963],[-45.066,22.973]],[[-45.066,22.973],[-45.157,22.39],[-45.248,21.806]],[[-45.248,21.806],[-45.385,21.822]],[[-45.385,21.822],[-45.515,21.247]],[[-45.515,21.247],[-45.419,21.222]],[[-45.419,21.222],[-45.557,20.596]],[[-45.557,20.596],[-45.774,20.618]],[[-45.774,20.618],[-45.94,19.802]],[[-45.94,19.802],[-46.001,19.823]],[[-46.001,19.823],[-46.093,19.377],[-46.184,18.932]],[[-46.184,18.932],[-46.224,18.935]],[[-46.224,18.935],[-46.318,18.421]],[[-46.318,18.421],[-46.391,18.422]],[[-46.391,18.422],[-46.52,17.588]],[[-46.52,17.588],[-46.407,17.566]],[[-46.407,17.566],[-46.498,17.087],[-46.589,16.607]],[[-46.589,16.607],[-46.529,16.587]],[[-46.529,16.587],[-46.648,16.019],[-46.766,15.451]]]}},{"type":"Feature","properties":{"name":"North American:Caribbean"},"geometry":{"type":"MultiLineString","coordinates":[[[-73.239,20.291],[-72.332,20.331],[-71.804,20.267],[-71.277,20.201]],[[-71.277,20.201],[-70.627,20.002]],[[-76.356,19.845],[-75.729,19.942],[-75.239,19.99],[-74.749,20.037],[-73.994,20.166],[-73.239,20.291]],[[-70.627,20.002],[-69.978,19.802]],[[-69.978,19.802],[-69.415,19.696]],[[-69.415,19.696],[-68.853,19.589],[-68.022,19.687],[-67.531,19.721],[-67.04,19.754],[-66.259,19.825],[-65.694,19.829],[-65.129,19.833],[-64.344,19.779],[-63.76,19.724],[-63.36,19.691]],[[-63.36,19.691],[-62.847,19.574],[-61.7929,19.2095],[-61.3768,19.0422]],[[-81.754,18.865],[-81.256,18.96],[-80.758,19.054],[-80.21,19.16],[-79.66,19.264],[-79.011,19.382],[-78.361,19.497],[-77.673,19.623],[-76.983,19.747],[-76.356,19.845]],[[-81.625,17.802],[-81.689,18.333],[-81.754,18.865]],[[-86.966,16.476],[-86.32,16.694],[-85.671,16.911],[-84.91,17.107],[-84.248,17.344],[-83.706,17.481],[-82.865,17.626],[-82.244,17.691],[-81.625,17.802]],[[-90.4388,14.8665],[-90.0077,14.8907],[-89.6929,14.9585],[-89.3732,15.099],[-89.0584,15.22],[-88.763,15.4186],[-88.5353,15.5349],[-88.2302,15.6366],[-88.0123,15.7673],[-86.966,16.476]]]}},{"type":"Feature","properties":{"name":"North American:Cocos"},"geometry":{"type":"MultiLineString","coordinates":[[[-105.247,18.762],[-105.546,18.981],[-105.739,19.164],[-105.949,19.402],[-106.121,19.644],[-106.271,19.916],[-106.352,20.203],[-106.385,20.428],[-106.387,20.638],[-106.381,20.84],[-106.442,21.121],[-106.525,21.184],[-106.551,21.236],[-106.624,21.311],[-106.757,21.483],[-106.808,21.64],[-106.862,21.716],[-106.89,21.799]],[[-90.898,12.5663],[-91.3544,12.8133],[-91.8135,13.0428],[-92.106,13.1663],[-92.304,13.2722],[-92.6506,13.4528],[-92.9566,13.6334],[-93.3121,13.7962],[-93.6632,13.9852],[-94.055,14.2044],[-94.542,14.4615],[-94.873,14.6825],[-95.117,14.8695],[-95.466,15.0725],[-95.8054,15.2342],[-96.2195,15.291],[-96.7236,15.3129],[-97.217,15.3405],[-97.691,15.4905],[-98.166,15.6226],[-98.588,15.7536],[-99.028,15.9016],[-99.435,16.1166],[-99.806,16.2806],[-100.336,16.4246],[-100.867,16.6186],[-101.703,17.0087],[-102.432,17.2627],[-103.2,17.5977],[-103.792,17.9028],[-104.191,18.1208],[-104.406,18.1918],[-104.725,18.3508],[-105.043,18.6048],[-105.247,18.7448]]]}},{"type":"Feature","properties":{"name":"North American:Pacific"},"geometry":{"type":"MultiLineString","coordinates":[[[-137.107,58.438],[-137.819,58.925],[-138.353,59.336],[-138.86,59.762],[-139.3644,60.0607],[-139.4712,60.1203],[-140.0426,60.3475],[-140.1332,60.3733],[-140.2246,60.3741],[-140.9087,60.3229],[-141.0686,60.317],[-141.2172,60.3351],[-141.598,60.401],[-142.2786,60.4553],[-142.3993,60.454],[-142.538,60.4284],[-143.332,60.206],[-144.2879,59.9139],[-144.6826,59.7326],[-145.082,59.4978],[-145.6088,59.2289]],[[165.7805,54.6493],[165.407,54.8045],[164.8706,54.9812],[164.066,55.209]],[[166.5181,54.3259],[165.7901,54.6438]],[[168.156,53.5745],[167.4184,53.9208],[166.5085,54.3203]],[[168.8839,53.254],[168.156,53.5859]],[[-133.426,53.924],[-133.84,54.377],[-134.151,54.812],[-134.669,55.317],[-135.18,55.819],[-135.429,56.102],[-135.903,56.621],[-136.209,57.118],[-136.522,57.634],[-136.895,58.09],[-137.107,58.438]],[[-131.592,52.259],[-132.169,52.697],[-132.714,53.127]],[[-131.177,51.886],[-131.592,52.259]],[[-130.85,51.612],[-131.177,51.886]],[[180.0,50.3992],[179.9758,50.4005]],[[179.995,50.4005],[179.4681,50.425],[178.7593,50.4861],[178.2708,50.535],[177.6961,50.6326],[177.2459,50.7056],[176.6712,50.8271],[175.9624,50.9483],[175.3494,51.0872],[174.9758,51.1656],[174.2287,51.3399],[172.964,51.684],[171.8628,52.0601],[170.7,52.498],[169.7747,52.8848],[168.8744,53.254]],[[164.066,55.209],[163.7414,54.7737],[163.4488,54.3158],[163.0202,53.725],[162.4903,53.1447],[162.2275,52.8305],[161.8799,52.5139],[161.4532,52.1054],[160.7449,51.5387],[159.9366,50.797],[159.447,50.3663],[159.0376,49.9833],[158.7261,49.7648],[158.2811,49.4292],[157.6758,49.0913],[157.024,48.659],[156.353,48.183],[155.742,47.725],[155.141,47.263],[154.664,46.853],[154.195,46.44],[153.528,45.897],[152.973,45.493],[152.2999,45.1152],[151.419,44.704],[150.877,44.447],[150.339,44.187],[149.3236,43.6563],[148.4809,43.1055],[147.5646,42.5462],[146.9815,42.213],[146.4519,41.969],[145.876,41.7347],[145.5012,41.5532],[145.0967,41.2944],[144.7388,40.9856],[144.5929,40.7835],[144.479,40.549],[144.399,40.367],[144.328,40.203],[144.283,40.067],[144.254,39.928],[144.225,39.767],[144.236,39.557],[144.203,39.374],[144.1611,39.1308],[144.1314,38.8988],[144.0808,38.6884],[144.0421,38.5131],[144.0154,38.3448],[143.9888,38.1765],[143.9469,37.9408],[143.843,37.71],[143.743,37.479],[143.637,37.29],[143.518,37.059],[143.408,36.86],[143.2627,36.6734],[143.1377,36.5425],[143.0009,36.3938],[142.887,36.264],[142.7807,36.1557],[142.681,36.064],[142.606,36.001],[142.5308,35.8582],[142.4475,35.6857],[142.325,35.503],[142.221,35.333],[142.17,35.217],[142.0905,35.049],[142.029,34.889],[141.992,34.666],[141.883,34.213]],[[-114.439,31.097],[-114.33,31.194],[-114.118,31.356]],[[-113.807,30.313],[-113.986,30.513],[-114.129,30.68],[-114.303,30.912],[-114.439,31.097]],[[-114.041,30.121],[-113.807,30.313]],[[-113.909,29.982],[-114.041,30.121]],[[-113.758,29.834],[-113.909,29.982]],[[-113.87,29.73],[-113.758,29.834]],[[-113.969,29.646],[-113.87,29.73]],[[-113.281,29.008],[-113.521,29.205],[-113.775,29.44],[-113.969,29.646]],[[-113.339,28.95],[-113.281,29.008]],[[-112.321,28.125],[-112.589,28.322],[-112.812,28.499],[-113.087,28.715],[-113.339,28.95]],[[-111.382,27.497],[-111.506,27.57],[-111.711,27.694],[-112.015,27.906],[-112.321,28.125]],[[-111.569,27.215],[-111.382,27.497]],[[-111.373,27.105],[-111.569,27.215]],[[-111.506,26.927],[-111.373,27.105]],[[-110.68,26.361],[-110.758,26.416],[-110.957,26.535],[-111.228,26.723],[-111.506,26.927]],[[-110.778,26.225],[-110.68,26.361]],[[-109.806,25.557],[-109.872,25.607],[-110.024,25.706],[-110.291,25.889],[-110.572,26.066],[-110.778,26.225]],[[-110.007,25.339],[-109.806,25.557]],[[-109.062,24.658],[-109.178,24.735],[-109.35,24.857],[-109.591,25.016],[-109.788,25.18],[-110.007,25.339]],[[-109.276,24.396],[-109.062,24.658]],[[-108.357,23.614],[-108.439,23.674],[-108.61,23.814],[-108.806,23.984],[-109.002,24.152],[-109.276,24.396]],[[-108.651,23.241],[-108.357,23.614]],[[-108.01,22.986],[-108.388,23.082],[-108.651,23.241]],[[-119.4055,34.9444],[-119.5606,35.0489],[-119.7068,35.1607],[-119.866,35.3142],[-119.9703,35.4139],[-120.3,35.752],[-120.5609,36.0026],[-120.8724,36.2939],[-121.289,36.6829],[-121.4967,36.8176],[-121.5645,36.8701],[-121.652,36.926],[-121.812,37.053],[-121.907,37.104],[-122.0036,37.1762],[-122.14,37.297],[-122.21,37.367],[-122.283,37.438],[-122.3001,37.4584],[-122.4981,37.6948],[-122.5414,37.7466],[-122.5741,37.7856],[-122.7224,37.9617],[-122.917,38.181],[-123.0419,38.329],[-123.1144,38.408],[-123.4225,38.7245],[-123.7894,39.1014],[-123.8407,39.1706],[-123.8726,39.2589],[-123.9224,39.3965],[-123.9706,39.5792],[-123.9953,39.673],[-124.0067,39.9135],[-124.049,40.0259],[-124.0635,40.0506],[-124.1381,40.0965],[-124.2803,40.1756],[-124.36,40.2199],[-124.4032,40.244],[-124.5589,40.3119],[-124.696,40.3717],[-124.7831,40.3753]],[[-116.4753,33.9235],[-116.4805,33.9246],[-116.7748,33.9878],[-117.2382,34.1547],[-117.4982,34.2895],[-117.7364,34.3986],[-118.1039,34.5478],[-118.4008,34.6583],[-118.5491,34.7101],[-118.8816,34.8064],[-119.21,34.8639],[-119.3612,34.9152],[-119.3629,34.9157],[-119.4055,34.9444]],[[-115.7136,33.3515],[-116.2463,33.7882],[-116.4697,33.9223],[-116.4753,33.9235]],[[-114.118,31.356],[-114.207,31.458],[-114.332,31.602],[-114.5198,31.7839],[-114.5621,31.8205],[-114.765,31.995],[-115.0792,32.2362],[-115.1383,32.3964],[-115.165,32.469],[-115.2403,32.5523],[-115.3812,32.7083],[-115.5221,32.8643],[-115.5642,32.9109]],[[-132.714,53.127],[-133.093,53.522],[-133.426,53.924]]]}},{"type":"Feature","properties":{"name":"North American:Philippine"},"geometry":{"type":"MultiLineString","coordinates":[[[139.234,35.014],[138.674,35.034]],[[139.429,34.86],[139.234,35.014]],[[139.923,34.713],[139.429,34.86]],[[140.87,34.529],[140.44,34.631],[139.923,34.713]],[[141.104,34.439],[140.87,34.529]],[[141.883,34.213],[141.441,34.356],[141.104,34.439]]]}},{"type":"Feature","properties":{"name":"North Anatolian Fault"},"geometry":{"type":"LineString","coordinates":[[25.3665,40.1495],[25.416,40.156],[25.4971,40.1791],[26.01,40.325],[26.597,40.553],[27.256,40.789],[27.568,40.64],[27.987,40.618],[28.724,40.668],[29.03,40.686],[30.007,40.768],[30.774,40.601],[31.116,40.615],[31.482,40.679],[32.392,40.86],[33.405,41.023],[34.286,41.159],[34.832,41.123],[35.527,41.002],[36.169,40.849],[37.062,40.6],[38.021,40.269],[38.795,40.009],[39.268,39.909],[39.892,39.703],[40.449,39.392],[40.9167,39.1281]]}},{"type":"Feature","properties":{"name":"North Fiji Basin Spreading Center"},"geometry":{"type":"MultiLineString","coordinates":[[[173.379,-21.14],[173.383,-20.995],[173.38,-20.837],[173.384,-20.625],[173.351,-20.377],[173.335,-20.086],[173.36,-19.89],[173.398,-19.662],[173.429,-19.43],[173.439,-19.221],[173.453,-18.999],[173.447,-18.774],[173.425,-18.52]],[[173.251,-18.532],[173.409,-18.238],[173.55,-17.962],[173.66,-17.68],[173.744,-17.49],[173.88,-17.163],[173.901,-16.849],[173.8847,-16.8416]],[[174.0293,-22.4894],[174.056,-22.236],[174.09,-21.841],[174.112,-21.578],[174.115,-21.357],[174.119,-21.148]],[[173.425,-18.52],[173.251,-18.532]],[[174.119,-21.148],[173.379,-21.14]]]}},{"type":"Feature","properties":{"name":"Northwest Lau Spreading Center"},"geometry":{"type":"LineString","coordinates":[[-176.3461,-14.6393],[-176.339,-14.78],[-176.319,-14.904],[-176.331,-15.05],[-176.341,-15.184],[-176.387,-15.312],[-176.462,-15.419],[-176.526,-15.489],[-176.66,-15.604],[-177.1077,-15.5611],[-177.13,-15.559],[-177.1435,-15.5551]]}},{"type":"Feature","properties":{"name":"Okinawa Trough"},"geometry":{"type":"MultiLineString","coordinates":[[[128.819,31.024],[129.059,31.265],[129.121,31.409],[129.442,31.793]],[[121.7209,24.7437],[122.024,24.853],[122.554,25.065],[123.182,24.86],[123.721,24.898]],[[123.755,25.017],[124.148,25.07],[124.705,25.12]],[[124.697,25.475],[125.159,25.569],[125.736,25.644]],[[125.663,25.927],[126.065,26.123],[126.383,26.37],[126.477,26.54],[126.82,26.811]],[[126.745,27.006],[126.885,27.149],[127.417,27.485]],[[127.347,27.662],[127.599,27.79],[128.049,28.053],[128.557,28.401]],[[128.321,28.708],[128.687,29.032],[129.055,29.355]],[[128.646,29.893],[128.881,30.104]],[[128.848,30.387],[129.032,30.585]],[[123.721,24.898],[123.755,25.017]],[[124.705,25.12],[124.697,25.475]],[[125.736,25.644],[125.663,25.927]],[[126.82,26.811],[126.745,27.006]],[[127.417,27.485],[127.347,27.662]],[[128.557,28.401],[128.321,28.708]],[[129.055,29.355],[128.646,29.893]],[[128.881,30.104],[128.848,30.387]],[[129.032,30.585],[128.819,31.024]]]}},{"type":"Feature","properties":{"name":"Oriente Fault"},"geometry":{"type":"LineString","coordinates":[[-79.8506,-2.6709],[-79.497,-2.472],[-79.225,-2.279],[-78.929,-1.994],[-78.667,-1.421],[-78.437,-0.748],[-78.193,-0.234],[-78.005,0.148],[-77.707,0.586],[-77.4616,0.7908]]}},{"type":"Feature","properties":{"name":"Pacific:Antarctic"},"geometry":{"type":"MultiLineString","coordinates":[[[-110.827,-35.091],[-110.877,-35.319],[-110.895,-35.797]],[[-110.895,-35.797],[-110.579,-35.83]],[[-110.579,-35.83],[-110.715,-36.219],[-110.739,-36.358]],[[-110.739,-36.358],[-110.471,-36.41]],[[-110.471,-36.41],[-110.668,-37.042],[-110.869,-37.674],[-111.067,-38.276],[-111.268,-38.878],[-111.27,-38.979]],[[-111.27,-38.979],[-110.391,-38.986]],[[-110.391,-38.986],[-110.533,-39.575],[-110.677,-40.164],[-110.754,-40.76],[-110.832,-41.355],[-110.954,-42.249]],[[-110.954,-42.249],[-111.349,-42.2]],[[-111.349,-42.2],[-111.538,-42.683],[-111.73,-43.166],[-111.971,-43.774],[-112.216,-44.381],[-112.381,-44.938],[-112.55,-45.494],[-112.675,-45.833]],[[-112.675,-45.833],[-112.426,-45.854]],[[-112.426,-45.854],[-112.685,-46.539],[-112.95,-47.222],[-113.131,-47.773],[-113.315,-48.324],[-113.528,-48.841],[-113.745,-49.357],[-113.875,-49.849]],[[-113.875,-49.849],[-114.556,-49.721],[-115.233,-49.589],[-116.388,-49.368]],[[-116.388,-49.368],[-116.802,-49.893],[-117.225,-50.418],[-117.522,-50.875],[-117.824,-51.331],[-118.12,-51.772],[-118.422,-52.212],[-118.875,-52.752],[-118.977,-52.897]],[[-118.977,-52.897],[-117.661,-53.124]],[[-136.18,-53.396],[-136.59,-53.907]],[[-136.59,-53.907],[-137.522,-53.688],[-137.89,-53.568]],[[-117.661,-53.124],[-118.037,-53.691],[-118.313,-54.35],[-118.581,-54.819]],[[-118.581,-54.819],[-119.685,-54.642],[-120.663,-54.41]],[[-126.8,-55.064],[-127.231,-55.565]],[[-127.231,-55.565],[-128.624,-55.321],[-129.345,-55.129],[-130.059,-54.931],[-131.375,-54.623],[-132.126,-54.432],[-132.87,-54.237],[-134.205,-53.887],[-135.307,-53.643],[-136.18,-53.396]],[[-137.89,-53.568],[-138.338,-54.141],[-138.799,-54.712],[-139.253,-55.251],[-139.578,-55.615]],[[-139.578,-55.615],[-139.191,-55.725]],[[-120.663,-54.41],[-121.228,-55.219],[-121.635,-55.832],[-121.862,-56.026]],[[-121.862,-56.026],[-122.655,-55.873],[-123.442,-55.715],[-124.262,-55.587],[-125.077,-55.454],[-126.197,-55.138],[-126.8,-55.064]],[[-139.191,-55.725],[-139.545,-56.268],[-140.041,-56.772],[-140.325,-57.053]],[[-140.325,-57.053],[-141.211,-56.839],[-142.086,-56.619],[-143.324,-56.263],[-144.482,-55.91],[-144.857,-55.784]],[[-144.857,-55.784],[-145.412,-56.228],[-145.979,-56.669],[-146.681,-57.308],[-147.167,-57.638]],[[-147.167,-57.638],[-147.692,-57.555]],[[-147.692,-57.555],[-148.276,-58.13],[-149.264,-58.822],[-149.809,-59.314],[-150.382,-59.718]],[[-150.382,-59.718],[-151.329,-59.469]],[[-151.329,-59.469],[-152.119,-60.158],[-152.943,-60.841],[-153.661,-61.399],[-154.181,-61.836]],[[-154.181,-61.836],[-154.324,-61.776]],[[165.103,-62.077],[164.768,-62.177],[164.275,-62.322],[163.773,-62.475],[162.9483,-62.7624]],[[162.9333,-62.8353],[162.2279,-62.3051],[161.6808,-61.8779],[161.228,-61.457]],[[-159.888,-62.595],[-160.43,-62.923]],[[-160.43,-62.923],[-161.338,-62.614],[-162.061,-62.394]],[[169.238,-62.446],[168.708,-62.632],[168.277,-62.773],[167.55,-62.971]],[[-158.394,-62.789],[-158.703,-63.004]],[[-158.703,-63.004],[-159.888,-62.595]],[[167.55,-62.971],[166.858,-63.221]],[[166.858,-63.221],[166.62,-63.087],[165.969,-62.668],[165.653,-62.473],[165.103,-62.077]],[[-154.324,-61.776],[-155.254,-62.433],[-156.022,-62.952],[-156.717,-63.324]],[[-156.717,-63.324],[-157.601,-63.07],[-158.394,-62.789]],[[-162.061,-62.394],[-163.001,-62.967],[-163.921,-63.467]],[[-163.921,-63.467],[-165.149,-63.007],[-166.199,-62.606],[-166.608,-62.49]],[[175.582,-63.984],[175.162,-64.174],[174.814,-64.315],[174.242,-64.508],[173.631,-64.738]],[[173.631,-64.738],[172.52,-64.256],[172.164,-64.097],[171.64,-63.807],[171.009,-63.447],[170.441,-63.149],[170.068,-62.972],[169.605,-62.676],[169.238,-62.446]],[[-166.608,-62.49],[-167.513,-63.106],[-168.379,-63.73],[-169.109,-64.245],[-169.839,-64.764],[-170.043,-64.858]],[[-170.043,-64.858],[-171.3,-64.356]],[[180.0,-65.7557],[179.381,-65.477],[178.759,-65.274],[178.24,-65.079],[177.889,-64.975],[177.338,-64.736],[176.819,-64.506],[176.549,-64.41],[176.063,-64.188],[175.582,-63.984]],[[-171.3,-64.356],[-172.517,-64.978],[-173.709,-65.506],[-174.418,-65.835]],[[-174.418,-65.835],[-175.07,-65.505],[-175.729,-65.183]],[[-175.729,-65.183],[-177.072,-65.607],[-177.926,-65.862],[-178.793,-66.163]],[[-178.793,-66.163],[-180.0,-65.6342]]]}},{"type":"Feature","properties":{"name":"Pacific:Australia"},"geometry":{"type":"MultiLineString","coordinates":[[[133.4582,-0.0512],[133.9045,0.1367],[134.471,0.259],[134.7727,0.2618],[134.9525,0.2465],[135.1642,0.1898],[135.698,-0.0362],[136.4302,-0.2693],[136.943,-0.422],[137.4346,-0.4597],[138.1185,-0.558],[138.7034,-0.7146]],[[138.6924,-0.7089],[139.2478,-0.8971],[139.9168,-1.145],[140.4151,-1.329],[141.0689,-1.5749],[141.6421,-1.7917],[142.0758,-2.0045],[142.5098,-2.2763],[143.1092,-2.6094]]]}},{"type":"Feature","properties":{"name":"Pacific:Australian"},"geometry":{"type":"MultiLineString","coordinates":[[[162.4966,-11.3411],[162.2609,-11.3685],[162.0378,-11.3488],[161.8182,-11.3193],[161.552,-11.283],[161.461,-11.245],[161.384,-11.232],[161.306,-11.194],[161.202,-11.168],[161.125,-11.13],[161.06,-11.054],[160.996,-11.029],[160.931,-10.965],[160.867,-10.914],[160.776,-10.838],[160.725,-10.787],[160.622,-10.723],[160.544,-10.672],[160.493,-10.634],[160.364,-10.57],[160.287,-10.519],[160.21,-10.468],[160.132,-10.417],[160.068,-10.379],[159.978,-10.315],[159.914,-10.276],[159.837,-10.251],[159.772,-10.2],[159.708,-10.174],[159.644,-10.123],[159.58,-10.084],[159.503,-10.021],[159.439,-9.969],[159.362,-9.931],[159.285,-9.88],[159.221,-9.829],[159.0576,-9.722],[158.9042,-9.6544],[158.709,-9.546],[158.58,-9.507],[158.478,-9.481],[158.388,-9.442],[158.273,-9.39],[158.145,-9.313],[158.056,-9.249],[157.992,-9.21],[157.916,-9.159],[157.827,-9.107],[157.724,-9.068],[157.648,-9.004],[157.572,-8.965],[157.419,-8.9],[157.317,-8.823],[157.241,-8.784],[157.177,-8.746],[157.049,-8.706],[156.935,-8.642],[156.858,-8.615],[156.782,-8.602],[156.706,-8.563],[156.467,-8.382],[156.296,-8.174]],[[166.154,-13.779],[166.132,-13.676],[166.09,-13.513],[166.02,-13.261],[165.952,-13.072],[165.909,-12.87],[165.894,-12.744],[165.838,-12.517],[165.77,-12.316],[165.715,-12.127],[165.621,-11.887],[165.5422,-11.6663],[165.4341,-11.5039],[165.2845,-11.3334],[165.1193,-11.1785],[164.958,-11.0501],[164.785,-10.9686],[164.5775,-10.896]],[[-173.836,-14.534],[-174.083,-14.379],[-174.754,-14.334]],[[-173.407,-14.584],[-173.836,-14.534]],[[172.439,-23.178],[172.361,-23.177],[172.278,-23.171],[172.197,-23.176],[172.06,-23.173],[171.95,-23.155],[171.854,-23.149],[171.703,-23.146],[171.62,-23.127],[171.496,-23.11],[171.385,-23.091],[171.288,-23.072],[171.162,-23.03],[171.037,-23.0],[170.939,-22.968],[170.842,-22.949],[170.745,-22.917],[170.66,-22.884],[170.547,-22.827],[170.42,-22.759],[170.321,-22.702],[170.221,-22.644],[170.109,-22.587],[170.036,-22.516],[169.95,-22.445],[169.835,-22.35],[169.719,-22.23],[169.577,-22.124],[169.491,-22.052],[169.419,-21.98],[169.32,-21.909],[169.288,-21.823],[169.215,-21.725],[169.143,-21.64],[169.054,-21.506],[168.996,-21.42],[168.879,-21.261],[168.776,-21.101],[168.705,-21.016],[168.645,-20.893],[168.585,-20.781],[168.512,-20.646],[168.396,-20.474],[168.335,-20.325],[168.263,-20.201],[168.191,-20.09],[168.16,-20.003],[168.075,-19.893],[168.003,-19.769],[167.943,-19.632],[167.886,-19.533],[167.812,-19.372],[167.727,-19.236],[167.68,-19.048],[167.607,-18.886],[167.521,-18.712],[167.504,-18.611],[167.486,-18.486],[167.455,-18.36],[167.424,-18.247],[167.394,-18.147],[167.35,-18.022],[167.32,-17.922],[167.275,-17.759],[167.245,-17.633],[167.215,-17.521],[167.171,-17.396],[167.155,-17.307],[167.059,-17.209],[166.95,-17.098],[166.868,-16.987],[166.81,-16.836],[166.728,-16.737],[166.659,-16.625],[166.604,-16.538],[166.562,-16.438],[166.506,-16.3],[166.45,-16.187],[166.395,-16.087],[166.34,-15.975],[166.285,-15.887],[166.27,-15.799],[166.227,-15.674],[166.225,-15.56],[166.209,-15.434],[166.193,-15.345],[166.217,-15.244],[166.228,-15.13],[166.213,-15.041],[166.262,-14.889],[166.271,-14.686],[166.268,-14.559],[166.252,-14.42],[166.25,-14.345],[166.234,-14.181],[166.204,-13.991],[166.161,-13.828],[166.154,-13.779]],[[-173.407,-14.584],[-173.273,-14.697],[-173.13,-14.785],[-172.939,-14.867],[-172.774,-15.033],[-172.602,-15.151],[-172.428,-15.373],[-172.355,-15.561],[-172.331,-15.732],[-172.3,-16.041],[-172.307,-16.332],[-172.311,-16.716],[-172.335,-16.963],[-172.374,-17.271],[-172.445,-17.677],[-172.54,-17.935],[-172.591,-18.152],[-172.698,-18.483],[-172.786,-18.777],[-172.874,-19.071],[-172.97,-19.461],[-173.053,-19.779],[-173.218,-20.204],[-173.403,-20.586],[-173.551,-20.893],[-173.703,-21.248],[-173.818,-21.526],[-173.952,-21.915],[-174.139,-22.29],[-174.323,-22.617],[-174.489,-22.906],[-174.663,-23.221],[-174.842,-23.513],[-174.985,-23.75]],[[-174.985,-23.75],[-175.102,-24.07],[-175.209,-24.472],[-175.229,-24.836],[-175.261,-25.142],[-175.297,-25.426],[-175.382,-25.729],[-175.415,-26.025],[-175.423,-26.437],[-175.5074,-26.9069],[-175.6444,-27.3296],[-175.785,-27.784],[-175.885,-28.264],[-175.995,-28.697],[-176.078,-29.065],[-176.1931,-29.4738],[-176.3733,-29.882],[-176.5712,-30.2354],[-176.7373,-30.699],[-176.919,-31.037],[-177.108,-31.452],[-177.301,-31.793],[-177.42,-32.0132],[-177.5274,-32.3463],[-177.666,-32.696],[-177.81,-33.191],[-177.981,-33.579],[-178.1702,-33.8594],[-178.294,-34.241],[-178.413,-34.485],[-178.539,-34.706],[-178.7732,-35.144],[-178.9457,-35.6413],[-179.1953,-36.2447],[-179.759,-37.0623]],[[180.0,-37.4045],[179.569,-38.204],[179.366,-38.538],[179.215,-38.889],[179.125,-39.23],[178.95,-39.685],[178.792,-40.087],[178.566,-40.424],[178.284,-40.807],[178.015,-41.188],[177.607,-41.5],[177.123,-41.657],[176.673,-41.756],[175.691,-42.0408],[174.5933,-42.1546]],[[174.5752,-42.1745],[173.0331,-42.3556],[171.5513,-42.6451],[170.8691,-42.9323],[169.4538,-43.6954],[168.1753,-44.386],[166.9881,-45.1847]],[[163.235,-50.079],[163.296,-49.985],[163.412,-49.847],[163.448,-49.761],[163.545,-49.573],[163.74,-49.322],[163.868,-49.116],[163.964,-48.917],[164.13,-48.742],[164.215,-48.592],[164.287,-48.429],[164.309,-48.274],[164.389,-48.202],[164.398,-48.059],[164.483,-47.92],[164.48,-47.759],[164.528,-47.658],[164.651,-47.521],[164.699,-47.444],[164.739,-47.256],[164.838,-47.148],[164.923,-47.011],[164.943,-46.783],[165.021,-46.601],[165.168,-46.405],[165.427,-46.19],[165.733,-46.065],[165.92,-45.958],[166.019,-45.887],[166.205,-45.736],[166.3908,-45.5944],[166.6488,-45.3834],[166.9696,-45.2319]],[[163.047,-50.273],[163.235,-50.079]],[[162.963,-50.369],[163.047,-50.273]],[[159.318,-53.598],[159.512,-53.345],[159.731,-53.17],[159.905,-52.991],[160.092,-52.822],[160.342,-52.634],[160.535,-52.433],[160.671,-52.292],[160.762,-52.166],[161.026,-51.924],[161.162,-51.751],[161.368,-51.542],[161.542,-51.399],[161.716,-51.192],[161.825,-51.118],[162.049,-50.962],[162.273,-50.817],[162.453,-50.668],[162.594,-50.549],[162.785,-50.443],[162.963,-50.369]],[[159.216,-53.619],[159.318,-53.598]],[[159.142,-53.812],[159.216,-53.619]],[[158.6126,-54.5264],[158.8921,-54.2033],[159.142,-53.812]],[[158.0816,-55.5053],[158.2792,-55.1843],[158.4192,-54.8693],[158.5586,-54.5559]],[[157.2369,-57.4759],[157.2626,-57.2319],[157.3262,-56.9941],[157.447,-56.7273],[157.5688,-56.4406],[157.6671,-56.3138],[157.7785,-56.1681],[157.8519,-56.0252],[157.9586,-55.7824],[158.0923,-55.5257]],[[161.228,-61.457],[161.129,-61.384],[160.74,-61.053],[160.327,-60.504],[159.803,-60.006],[159.691,-59.939],[159.413,-59.732],[159.186,-59.511],[158.5807,-59.1402],[158.1802,-58.9541],[157.8558,-58.6261],[157.5886,-58.2685],[157.3227,-57.9131],[157.2607,-57.5449]],[[164.5775,-10.896],[164.2525,-10.9248],[162.9338,-11.2257],[162.5312,-11.328]]]}},{"type":"Feature","properties":{"name":"Pacific:Cocos"},"geometry":{"type":"MultiLineString","coordinates":[[[-108.01,22.986],[-108.232,22.712],[-108.273,22.613],[-108.407,22.44],[-108.527,22.277],[-108.516,22.201],[-108.589,22.102],[-108.676,21.96]],[[-108.676,21.96],[-108.582,21.905]],[[-108.977,21.347],[-108.936,21.451],[-108.868,21.536],[-108.784,21.643],[-108.669,21.774],[-108.582,21.905]],[[-108.809,21.253],[-108.977,21.347]],[[-109.285,20.558],[-109.261,20.643],[-109.194,20.739],[-109.111,20.824],[-109.013,20.949],[-108.915,21.068],[-108.809,21.253]],[[-109.187,20.5],[-109.285,20.558]],[[-109.45,20.027],[-109.373,20.142],[-109.378,20.176],[-109.319,20.242],[-109.215,20.397],[-109.187,20.5]],[[-108.903,19.625],[-109.16,19.806],[-109.45,20.027]],[[-108.896,19.55],[-108.903,19.625]],[[-108.198,19.223],[-108.534,19.384],[-108.896,19.55]],[[-108.233,19.107],[-108.198,19.223]],[[-106.244,18.52],[-106.527,18.544],[-106.756,18.59],[-107.002,18.647],[-107.272,18.756],[-107.523,18.863],[-107.816,18.936],[-108.233,19.107]],[[-106.308,17.929],[-106.318,18.016],[-106.311,18.12],[-106.281,18.281],[-106.244,18.52]],[[-105.586,17.881],[-106.308,17.929]],[[-104.69,15.274],[-105.32,15.108]],[[-105.32,15.108],[-105.357,15.558],[-105.398,16.26],[-105.367,17.031],[-105.399,17.768],[-105.586,17.881]],[[-103.772,11.89],[-103.927,12.587],[-104.181,13.328],[-104.437,14.07],[-104.563,14.672],[-104.69,15.274]],[[-103.875,11.872],[-103.772,11.89]],[[-103.598,10.123],[-103.628,10.275],[-103.739,10.937],[-103.807,11.405],[-103.875,11.872]],[[-104.296,10.017],[-103.598,10.123]],[[-102.961,8.4],[-103.595,8.37],[-104.229,8.34]],[[-104.229,8.34],[-104.258,8.456],[-104.296,9.175],[-104.296,10.017]],[[-102.184,3.778],[-102.32,4.653],[-102.457,5.529],[-102.558,6.355],[-102.659,7.182],[-102.81,7.791],[-102.961,8.4]],[[-102.259,3.751],[-102.184,3.778]],[[-102.145,2.889],[-102.118,2.893]],[[-102.259,3.751],[-102.199,3.458],[-102.219,3.239],[-102.193,3.072],[-102.145,2.889]],[[-102.118,2.893],[-102.096,2.798],[-102.109,2.786],[-102.068,2.635]]]}},{"type":"Feature","properties":{"name":"Pacific:Juan de Fuca"},"geometry":{"type":"MultiLineString","coordinates":[[[-130.85,51.612],[-131.074,51.185],[-130.753,50.908],[-130.254,50.465],[-130.329,50.298]],[[-130.329,50.298],[-130.162,50.217]],[[-130.162,50.217],[-130.3,50.055],[-130.162,49.983],[-130.501,49.479]],[[-130.501,49.479],[-129.705,49.177],[-128.919,48.869]],[[-128.919,48.869],[-129.147,48.476],[-128.94,48.324],[-129.19,47.835]],[[-129.19,47.835],[-128.938,47.727]],[[-128.938,47.727],[-129.259,47.065],[-129.572,46.402]],[[-129.572,46.402],[-129.803,46.433]],[[-129.803,46.433],[-129.917,46.229],[-130.051,46.196],[-130.073,45.943]],[[-130.073,45.943],[-129.869,45.896]],[[-129.869,45.896],[-129.936,45.736],[-130.187,45.414],[-130.069,45.285],[-130.367,44.93],[-130.48,44.589]],[[-130.48,44.589],[-129.498,44.208],[-128.528,43.818],[-127.571,43.419],[-126.627,43.014]],[[-126.627,43.014],[-127.039,42.357],[-127.241,41.692],[-127.401,41.64],[-127.446,41.555]],[[-127.446,41.555],[-127.56,41.589]],[[-127.56,41.589],[-127.639,41.081],[-127.717,40.573]],[[-127.717,40.573],[-127.579,40.539]],[[-127.579,40.539],[-127.579,40.45]],[[-124.7844,40.3753],[-125.3541,40.3991],[-125.841,40.4151],[-126.3162,40.4125],[-126.3812,40.4122],[-127.579,40.45]]]}},{"type":"Feature","properties":{"name":"Pacific:Nazca"},"geometry":{"type":"MultiLineString","coordinates":[[[-102.088,1.903],[-102.076,1.972],[-102.075,2.024],[-102.067,2.137],[-102.075,2.161],[-102.08,2.308],[-102.088,2.327],[-102.09,2.391],[-102.085,2.412],[-102.085,2.486],[-102.077,2.502],[-102.082,2.574],[-102.068,2.635]],[[-102.104,1.904],[-102.088,1.903]],[[-102.133,1.778],[-102.104,1.904]],[[-102.262,1.752],[-102.133,1.778]],[[-102.23,1.541],[-102.262,1.752]],[[-102.257,1.528],[-102.23,1.541]],[[-102.203,1.221],[-102.243,1.349],[-102.222,1.361],[-102.257,1.528]],[[-102.223,1.214],[-102.203,1.221]],[[-102.181,1.134],[-102.223,1.214]],[[-102.24,0.713],[-102.181,1.134]],[[-102.21,0.706],[-102.24,0.713]],[[-102.524,-1.283],[-102.397,-0.503],[-102.319,-0.015],[-102.294,0.157],[-102.253,0.372],[-102.21,0.706]],[[-102.399,-1.283],[-102.524,-1.283]],[[-102.462,-1.533],[-102.399,-1.283]],[[-102.307,-1.596],[-102.462,-1.533]],[[-102.402,-1.907],[-102.307,-1.596]],[[-102.621,-1.906],[-102.402,-1.907]],[[-102.754,-2.934],[-102.687,-2.436],[-102.621,-1.906]],[[-102.566,-2.936],[-102.754,-2.934]],[[-102.735,-4.056],[-102.571,-3.435],[-102.566,-2.936]],[[-104.539,-3.844],[-103.637,-3.951],[-102.735,-4.056]],[[-104.699,-4.152],[-104.539,-3.844]],[[-105.38,-4.078],[-104.699,-4.152]],[[-105.544,-4.569],[-105.38,-4.078]],[[-106.253,-4.494],[-105.544,-4.569]],[[-106.587,-5.624],[-106.45,-5.043],[-106.253,-4.494]],[[-106.741,-5.62],[-106.587,-5.624]],[[-106.752,-6.019],[-106.741,-5.62]],[[-106.845,-6.016],[-106.752,-6.019]],[[-106.95,-6.443],[-106.845,-6.016]],[[-107.441,-6.367],[-106.95,-6.443]],[[-108.32,-9.145],[-108.192,-8.357],[-108.063,-8.24],[-107.88,-7.514],[-107.653,-7.186],[-107.607,-6.759],[-107.441,-6.367]],[[-109.756,-8.925],[-109.038,-9.035],[-108.32,-9.145]],[[-109.857,-9.677],[-109.756,-8.925]],[[-110.071,-9.665],[-109.857,-9.677]],[[-110.292,-10.802],[-110.218,-10.08],[-110.071,-9.665]],[[-110.447,-10.822],[-110.292,-10.802]],[[-111.077,-12.742],[-110.926,-11.968],[-110.675,-11.472],[-110.485,-11.394],[-110.447,-10.822]],[[-110.892,-12.755],[-111.077,-12.742]],[[-111.007,-13.411],[-110.892,-12.755]],[[-111.191,-13.396],[-111.007,-13.411]],[[-111.266,-13.541],[-111.191,-13.396]],[[-112.426,-13.386],[-111.846,-13.465],[-111.266,-13.541]],[[-112.613,-14.718],[-112.581,-14.062],[-112.439,-13.865],[-112.426,-13.386]],[[-112.766,-14.704],[-112.613,-14.718]],[[-113.066,-16.351],[-112.973,-15.792],[-112.869,-15.248],[-112.766,-14.704]],[[-112.973,-16.361],[-113.066,-16.351]],[[-113.165,-16.67],[-112.973,-16.361]],[[-113.041,-16.683],[-113.165,-16.67]],[[-113.241,-17.052],[-113.041,-16.683]],[[-113.117,-17.065],[-113.241,-17.052]],[[-113.329,-17.521],[-113.117,-17.065]],[[-113.174,-17.538],[-113.329,-17.521]],[[-113.388,-17.994],[-113.174,-17.538]],[[-113.264,-18.008],[-113.388,-17.994]],[[-113.52,-18.758],[-113.383,-18.444],[-113.264,-18.008]],[[-113.364,-18.777],[-113.52,-18.758]],[[-113.623,-19.285],[-113.364,-18.777]],[[-113.498,-19.301],[-113.623,-19.285]],[[-114.421,-22.115],[-114.379,-21.627],[-114.318,-21.564],[-114.229,-21.121],[-114.087,-20.599],[-113.931,-20.574],[-113.796,-20.321],[-113.697,-19.968],[-113.498,-19.301]],[[-114.567,-23.024],[-114.498,-22.543],[-114.505,-22.196],[-114.421,-22.115]],[[-114.875,-23.04],[-114.567,-23.024]],[[-114.962,-23.179],[-114.875,-23.04]],[[-115.183,-23.237],[-114.962,-23.179]],[[-115.254,-23.397],[-115.183,-23.237]],[[-115.599,-23.468],[-115.254,-23.397]],[[-115.482,-24.105],[-115.402,-24.017],[-115.424,-23.884],[-115.599,-23.468]],[[-115.912,-24.242],[-115.482,-24.105]],[[-115.968,-24.383],[-115.912,-24.242]],[[-116.184,-24.458],[-115.968,-24.383]],[[-116.099,-24.847],[-116.225,-24.556],[-116.184,-24.458]],[[-116.49,-25.172],[-116.099,-24.847]],[[-113.944,-26.79],[-114.526,-26.725],[-115.105,-26.604],[-115.291,-26.466],[-115.518,-26.243],[-115.769,-25.968],[-116.028,-25.674],[-116.353,-25.416],[-116.49,-25.172]],[[-112.947,-26.724],[-112.976,-26.83]],[[-112.976,-26.83],[-113.608,-26.809],[-113.944,-26.79]],[[-113.133,-27.577],[-113.129,-27.273],[-113.112,-27.014],[-112.976,-26.83]],[[-113.001,-27.607],[-113.133,-27.577]],[[-112.934,-28.379],[-112.955,-28.129],[-112.971,-27.85],[-113.001,-27.607]],[[-113.01,-28.383],[-112.934,-28.379]],[[-112.956,-29.009],[-113.02,-28.787],[-113.021,-28.549],[-113.01,-28.383]],[[-111.806,-29.266],[-112.367,-29.16],[-112.956,-29.009]],[[-111.978,-31.386],[-111.951,-31.045],[-111.885,-30.666],[-111.851,-30.624],[-111.797,-30.425],[-111.775,-30.187],[-111.773,-30.025],[-111.749,-29.579],[-111.806,-29.266]],[[-111.964,-31.39],[-111.978,-31.386]],[[-112.023,-31.536],[-111.964,-31.39]],[[-112.151,-32.343],[-112.065,-32.114],[-112.063,-31.948],[-112.041,-31.774],[-112.023,-31.536]],[[-112.356,-32.328],[-112.151,-32.343]],[[-112.504,-33.65],[-112.46,-33.399],[-112.442,-33.112],[-112.418,-32.794],[-112.415,-32.489],[-112.356,-32.328]],[[-112.604,-33.663],[-112.504,-33.65]],[[-110.827,-35.091],[-111.126,-34.995],[-111.399,-34.912],[-111.756,-34.811],[-112.187,-34.674],[-112.417,-34.556],[-112.562,-34.3],[-112.628,-33.999],[-112.604,-33.663]]]}},{"type":"Feature","properties":{"name":"Pacific:Philippine"},"geometry":{"type":"MultiLineString","coordinates":[[[141.883,34.213],[141.8703,33.8174],[141.9179,33.5437],[142.0131,33.2699],[142.031,33.0022],[142.025,32.5559],[142.099,31.983],[142.159,31.315],[142.2047,30.89],[142.3106,30.4853],[142.473,30.128],[142.581,29.5682],[142.8242,28.9791],[143.1237,28.4804],[143.2727,27.9723],[143.275,27.4659],[143.26,26.737],[143.231,26.329],[143.1556,25.6181],[143.2151,24.9279],[143.3341,24.672],[143.522,24.391]],[[143.522,24.391],[144.0302,23.7914],[144.706,23.25],[145.292,22.712],[146.062,22.201],[146.545,21.73],[146.822,21.331],[147.019,20.805],[147.207,20.303],[147.46,19.745],[147.619,19.172],[147.755,18.6446],[147.811,18.06],[147.8383,17.2761],[147.787,16.523],[147.7074,15.848],[147.6269,15.4763],[147.462,14.966],[147.201,14.216],[146.8772,13.6008],[146.5769,13.2657],[146.221,13.002],[145.691,12.647],[145.4313,12.3941],[145.2262,12.272],[144.8882,12.1434],[144.619,12.021],[144.2279,11.8836],[143.8962,11.6718],[143.4888,11.5223]],[[143.4888,11.5163],[143.1199,11.4568]],[[143.108,11.4449],[142.8891,11.3899],[142.678,11.3632],[142.2766,11.3171],[141.932,11.2678],[141.6258,11.1257],[141.0864,10.946],[140.5732,10.8737],[140.1,10.946],[139.7519,10.8956],[139.4564,10.9173],[139.2404,11.1058],[139.0916,11.1355],[138.98,11.0964],[138.8715,10.9451],[138.7558,10.6206],[138.5978,9.9574],[138.4312,9.3743]],[[133.989,6.333],[134.269,6.61],[134.5569,6.9096],[135.2353,6.9141],[135.3807,6.9051],[135.5176,6.9105],[135.9137,6.9701],[136.234,7.249],[136.4826,7.2861],[136.7937,7.3424],[137.0016,7.4037],[137.1851,7.547],[137.4868,7.7886],[137.6682,7.9909],[137.8378,8.2675],[138.0044,8.5353],[138.3554,9.1599],[138.4268,9.3503]]]}},{"type":"Feature","properties":{"name":"Philippine:Sunda"},"geometry":{"type":"MultiLineString","coordinates":[[[120.452,21.632],[120.425,22.043],[120.394,22.581],[120.36,23.198],[120.546,23.979],[120.981,24.654],[121.335,24.963]],[[128.4296,-2.0695],[129.3035,-2.1993],[130.1515,-2.3022],[130.6289,-2.4772],[131.1063,-2.6513],[131.5318,-2.9324],[132.3727,-3.5331]],[[119.2671,16.6407],[119.2716,17.0433],[119.2796,17.42],[119.3996,18.0243],[119.6408,18.4224],[119.9979,18.9188],[120.175,19.2546],[120.3089,19.736],[120.3284,20.1177],[120.31,20.4606],[120.2819,20.8102],[120.3141,21.2256],[120.4195,21.5486]],[[119.842,13.1948],[119.6188,13.3801],[119.425,13.517],[119.2414,13.7592],[119.1489,14.0403],[119.1038,14.3886],[119.1234,14.7373],[119.1447,15.1977],[119.1793,15.4954],[119.1921,15.7725],[119.2144,16.102],[119.255,16.556]]]}},{"type":"Feature","properties":{"name":"Red River Fault"},"geometry":{"type":"LineString","coordinates":[[100.2065,25.7254],[100.4251,25.3935],[100.45,25.3556],[100.8108,25.0129],[101.1896,24.5258],[101.6045,23.9937],[101.9653,23.5968],[102.2088,23.4525],[102.6147,23.2541],[102.9484,23.1549],[103.183,23.0414],[103.228,23.0196],[103.4986,22.9023],[103.6971,22.74],[104.3555,22.1807],[104.7884,21.856],[105.1672,21.4682],[105.7265,20.9812],[106.1009,20.5453],[106.4841,20.1423]]}},{"type":"Feature","properties":{"name":"Sagaing Fault"},"geometry":{"type":"MultiLineString","coordinates":[[[96.8693,25.8427],[96.8693,25.6803],[96.7791,25.4007],[96.7159,25.1843],[96.5175,24.9046],[96.3371,24.5799],[96.1297,23.8674],[95.9894,23.1659],[95.9944,22.8211],[96.0485,21.7929],[96.2018,20.6745],[96.4634,19.2584]],[[95.9854,23.1458],[95.9894,23.1659],[95.9763,24.0658],[95.9493,24.8595]],[[96.4632,19.2578],[96.5686,18.7021],[96.714,17.6841],[96.8594,16.8115],[96.714,15.7208],[96.4958,14.4119]]]}},{"type":"Feature","properties":{"name":"Scotia:South American"},"geometry":{"type":"LineString","coordinates":[[-76.483,-52.068],[-75.743,-52.315],[-74.996,-52.556],[-74.035,-52.911],[-73.01,-53.313],[-72.082,-53.718],[-71.291,-53.923],[-70.513,-54.099],[-69.867,-54.231],[-68.989,-54.43],[-67.404,-54.394],[-65.871,-54.318]]}},{"type":"Feature","properties":{"name":"Shackleton Fracture Zone"},"geometry":{"type":"LineString","coordinates":[[-56.925,-60.565],[-58.223,-59.999],[-58.97,-59.728],[-59.705,-59.453],[-61.04,-59.011],[-62.571,-58.603],[-63.571,-58.359],[-64.596,-57.9777]]}},{"type":"Feature","properties":{"name":"Solomon Sea Microplate:Southern Bismarck Microplate"},"geometry":{"type":"MultiLineString","coordinates":[[[156.4048,-8.309],[156.4117,-8.4556],[156.4478,-8.9474]],[[154.2116,-10.3137],[153.4804,-10.3572],[152.6852,-10.3913]],[[154.2319,-9.8978],[154.2116,-10.3137]],[[155.1673,-9.7166],[154.2319,-9.8978]],[[155.1605,-9.3198],[155.1686,-9.7164],[155.1673,-9.7166]],[[156.0995,-9.1772],[156.0972,-9.1965],[155.8325,-9.2718],[155.1605,-9.3198]],[[156.1198,-9.0099],[156.0995,-9.1772]],[[156.4478,-8.9474],[156.1198,-9.0097],[156.1198,-9.0099]]]}},{"type":"Feature","properties":{"name":"South America:Scotia"},"geometry":{"type":"MultiLineString","coordinates":[[[-56.457,-53.649],[-55.597,-53.53],[-54.741,-53.406],[-53.382,-53.209],[-52.176,-52.873],[-50.671,-52.71],[-49.163,-52.664]],[[-63.713,-54.018],[-62.821,-53.917],[-61.933,-53.81],[-60.532,-53.674],[-59.246,-53.598],[-57.75,-53.626],[-56.457,-53.649]],[[-65.871,-54.318],[-64.788,-54.173],[-63.713,-54.018]],[[-49.163,-52.664],[-47.663,-52.691],[-46.414,-52.83],[-45.191,-52.931],[-44.209,-53.27],[-43.213,-53.6],[-42.41,-53.88],[-41.597,-54.154],[-40.66,-54.397],[-39.711,-54.633],[-38.715,-54.853]],[[-29.489,-55.033],[-28.647,-55.005]],[[-33.734,-54.46],[-32.367,-54.585],[-30.906,-54.822],[-29.489,-55.033]],[[-38.715,-54.853],[-37.81,-55.086]],[[-33.058,-55.458],[-33.355,-54.86],[-33.734,-54.46]],[[-33.691,-55.605],[-33.058,-55.458]],[[-37.81,-55.086],[-36.846,-55.215],[-36.108,-55.642]],[[-34.591,-55.729],[-33.691,-55.605]],[[-36.108,-55.642],[-34.591,-55.729]],[[-28.647,-55.005],[-27.604,-55.095],[-26.995,-55.232],[-26.414,-55.424],[-25.721,-55.84],[-25.149,-56.292],[-24.696,-56.734],[-24.233,-57.174],[-24.13,-57.425],[-23.819,-58.195],[-23.991,-58.921],[-24.456,-59.386],[-25.069,-59.973],[-26.071,-60.391]]]}},{"type":"Feature","properties":{"name":"South American:Antarctic"},"geometry":{"type":"MultiLineString","coordinates":[[[-1.039,-55.019],[-0.438,-54.852]],[[-1.606,-55.129],[-1.039,-55.019]],[[-1.614,-55.653],[-1.606,-55.129]],[[-4.691,-55.807],[-4.056,-55.769],[-3.72,-55.74],[-2.896,-55.707],[-2.08,-55.657],[-1.614,-55.653]],[[-4.693,-56.592],[-4.675,-56.21],[-4.691,-55.807]],[[-6.057,-56.672],[-5.448,-56.627],[-4.693,-56.592]],[[-6.13,-57.24],[-6.094,-56.982],[-6.057,-56.672]],[[-6.999,-57.318],[-6.538,-57.27],[-6.13,-57.24]],[[-7.009,-57.869],[-7.013,-57.617],[-6.999,-57.318]],[[-15.972,-58.439],[-15.069,-58.39],[-13.954,-58.317],[-12.649,-58.241],[-11.19,-58.158],[-9.885,-58.091],[-8.607,-57.989],[-7.525,-57.92],[-7.009,-57.869]],[[-16.41,-59.098],[-16.226,-58.767],[-16.005,-58.459],[-15.972,-58.439]],[[-18.06,-59.153],[-17.667,-59.129],[-16.917,-59.098],[-16.41,-59.098]],[[-18.123,-59.509],[-18.06,-59.153]],[[-18.433,-59.542],[-18.123,-59.509]],[[-18.646,-60.25],[-18.547,-59.938],[-18.433,-59.542]],[[-19.371,-60.289],[-18.646,-60.25]],[[-19.581,-60.811],[-19.371,-60.289]],[[-26.071,-60.391],[-25.094,-60.545],[-24.107,-60.692],[-22.914,-60.723],[-21.719,-60.744],[-20.651,-60.782],[-19.581,-60.811]]]}},{"type":"Feature","properties":{"name":"South American:Caribbean"},"geometry":{"type":"MultiLineString","coordinates":[[[-64.997,10.539],[-65.121,10.6]],[[-65.121,10.6],[-65.526,10.615],[-65.964,10.653],[-66.437,10.662],[-66.869,10.667],[-67.499,10.592],[-67.961,10.5]],[[-58.639,10.19],[-59.121,10.22],[-59.988,10.295],[-60.457,10.345],[-60.927,10.395],[-61.542,10.427],[-62.158,10.458],[-62.641,10.482],[-63.233,10.509],[-63.878,10.532],[-64.21,10.519],[-64.508,10.474],[-64.997,10.539]],[[-61.3928,19.0346],[-61.0487,18.8747],[-60.7287,18.6689],[-60.4806,18.4553],[-60.286,18.191],[-60.059,17.823],[-59.827,17.548],[-59.473,17.243],[-59.1124,16.906],[-58.8563,16.3814],[-58.7526,16.0441],[-58.7106,15.7595],[-58.674,15.412],[-58.534,15.284],[-58.296,15.15],[-57.921,14.864],[-57.799,14.499],[-57.719,13.874],[-57.576,13.102],[-57.476,12.427],[-57.432,11.661],[-57.541,11.144],[-57.77,10.634],[-58.165,10.16]],[[-58.157,10.16],[-58.639,10.19]]]}},{"type":"Feature","properties":{"name":"South American:Nazca"},"geometry":{"type":"MultiLineString","coordinates":[[[-81.5855,-3.2314],[-81.6385,-2.9864],[-81.5185,-2.4234],[-81.5855,-1.8004],[-81.4015,-1.0814],[-81.2155,-0.2704],[-80.8735,0.4456],[-80.5605,1.0666],[-80.2785,1.5626],[-79.7775,2.0876],[-79.4645,2.4406],[-79.1515,2.7936],[-78.6485,3.4056],[-78.3285,4.0796],[-78.0665,4.8455],[-77.9473,5.5063],[-77.9833,5.8489],[-78.0365,6.0665],[-78.0725,6.1355],[-78.1273,6.2679],[-78.1678,6.3625],[-78.2038,6.4525],[-78.2578,6.547],[-78.3118,6.628],[-78.3838,6.727],[-78.4558,6.8485],[-78.5459,6.9834],[-78.6314,7.1228]],[[-75.916,-15.736],[-76.403,-15.219],[-76.765,-14.843],[-77.125,-14.467],[-77.639,-13.914],[-78.148,-13.387],[-78.407,-13.014],[-78.665,-12.641],[-79.147,-11.89],[-79.618,-11.291],[-79.997,-10.56],[-80.368,-9.921],[-80.701,-9.434],[-81.041,-8.665],[-81.375,-7.988],[-81.549,-7.306],[-81.784,-6.655],[-81.954,-6.003],[-81.998,-5.253],[-82.01,-4.504],[-81.926,-3.721],[-81.599,-3.245]],[[-71.307,-21.965],[-71.249,-21.262],[-71.323,-20.758],[-71.362,-20.249],[-71.487,-19.811],[-71.746,-19.298],[-72.266,-18.722],[-72.737,-18.257],[-73.4,-17.747],[-73.949,-17.374],[-74.609,-16.823],[-75.292,-16.33],[-75.916,-15.736]],[[-76.006,-45.659],[-75.821,-44.849],[-75.782,-44.051],[-75.632,-43.648],[-75.558,-42.972],[-75.402,-42.285],[-75.397,-41.826],[-75.392,-41.367],[-75.189,-40.863],[-75.195,-40.359],[-75.128,-39.813],[-75.149,-39.564],[-74.988,-39.068],[-74.836,-38.542],[-74.655,-38.138],[-74.596,-37.563],[-74.442,-36.725],[-74.262,-36.165],[-73.897,-35.578],[-73.675,-34.888],[-73.246,-34.29],[-72.938,-33.837],[-72.861,-33.359],[-72.889,-32.742],[-72.762,-32.319],[-72.678,-31.531],[-72.618,-30.965],[-72.6,-30.19],[-72.555,-29.536],[-72.433,-28.901],[-72.17,-28.278],[-71.958,-27.755],[-71.847,-27.248],[-71.753,-26.652],[-71.628,-25.84],[-71.524,-25.093],[-71.466,-24.263],[-71.39,-23.523],[-71.348,-22.758],[-71.307,-21.965]]]}},{"type":"Feature","properties":{"name":"South Shetland Trench"},"geometry":{"type":"LineString","coordinates":[[-63.969,-62.422],[-63.105,-62.11],[-62.203,-61.841],[-61.332,-61.543],[-60.65,-61.363],[-59.836,-61.177],[-58.891,-61.082],[-58.131,-60.962],[-57.494,-60.855],[-56.925,-60.565],[-56.9553,-60.5518]]}},{"type":"Feature","properties":{"name":"Southern Panama Fault Zone"},"geometry":{"type":"LineString","coordinates":[[-82.6602,7.2639],[-82.6602,7.2888],[-82.617,7.307],[-82.492,7.296],[-82.338,7.251],[-82.273,7.129],[-82.202,7.041],[-82.125,7.008],[-82.09,6.967],[-81.944,6.95],[-81.889,6.978],[-81.741,7.061],[-81.584,7.039],[-81.487,7.055],[-81.342,7.099],[-81.163,7.172],[-81.038,7.222],[-80.894,7.294],[-80.784,7.358],[-80.687,7.415],[-80.539,7.335],[-80.363,7.221],[-80.25,7.133],[-80.096,7.101],[-79.846,7.16],[-79.658,7.184],[-79.47,7.228],[-79.24,7.301],[-78.982,7.319],[-78.9721,7.3194],[-78.9495,7.3204],[-78.751,7.329],[-78.646,7.337],[-78.228,7.51],[-78.2054,7.5233]]}},{"type":"Feature","properties":{"name":"Stanovoy Fault System"},"geometry":{"type":"LineString","coordinates":[[122.9776,57.2441],[123.645,57.219],[124.573,57.178],[125.499,57.13],[126.96,56.774],[128.393,56.401],[129.798,56.013],[130.747,55.861],[131.688,55.702],[132.674,55.491],[133.65,55.273],[135.138,55.06],[135.3385,55.0287]]}},{"type":"Feature","properties":{"name":"Sumatra Fault System"},"geometry":{"type":"LineString","coordinates":[[98.2259,2.5226],[98.0206,3.1823],[97.5075,3.8568],[96.567,4.644],[96.013,5.114],[95.435,5.715],[94.95,6.259],[94.509,6.8095]]}},{"type":"Feature","properties":{"name":"Talas Fergana"},"geometry":{"type":"MultiLineString","coordinates":[[[74.4476,40.6234],[74.5269,40.6036],[74.6327,40.5772],[74.7318,40.5507],[74.9037,40.4384],[75.0557,40.3524],[75.2143,40.2335],[75.3928,40.0682],[75.5316,39.8964]],[[72.6498,41.6545],[72.8084,41.7008],[72.8811,41.7008],[73.0001,41.681],[73.1125,41.6347],[73.2579,41.562],[73.443,41.4761],[73.5421,41.4166],[73.7206,41.3108],[73.8792,41.1919],[74.018,41.0663],[74.2031,40.901],[74.3881,40.7556],[74.5666,40.6961]],[[68.6862,43.8429],[68.7114,43.8349],[69.0708,43.5615],[69.4926,43.2646],[69.9457,42.9287],[70.3285,42.7334],[70.8675,42.4678],[71.2425,42.3428],[72.0705,42.0225],[72.6408,41.8428],[72.8986,41.7335]]]}},{"type":"Feature","properties":{"name":"Tamayo Fracture Zone"},"geometry":{"type":"LineString","coordinates":[[-106.89,21.799],[-107.046,21.754],[-107.171,21.752],[-107.393,21.748],[-107.586,21.742],[-107.774,21.74],[-107.928,21.686],[-108.114,21.72],[-108.397,21.835],[-108.582,21.905],[-108.582,21.905],[-108.5867,21.9078]]}},{"type":"Feature","properties":{"name":"Timor Trough"},"geometry":{"type":"LineString","coordinates":[[132.5031,-6.908],[132.431,-6.989],[131.867,-7.661],[131.415,-8.267],[130.933,-8.562],[130.54,-8.726],[129.861,-8.926],[129.106,-9.02],[128.376,-9.095],[127.9,-9.133],[127.43,-9.221],[126.853,-9.39],[126.333,-9.596],[125.869,-9.784],[125.482,-9.984],[125.159,-10.159],[124.734,-10.39],[123.96,-10.708],[123.217,-10.995],[122.627,-11.188],[121.783,-11.412],[121.11,-11.493],[120.886,-11.492],[120.451,-11.524],[120.2914,-11.5078]]}},{"type":"Feature","properties":{"name":"Tolo Thrust"},"geometry":{"type":"LineString","coordinates":[[122.7722,-2.5789],[122.823,-2.598],[123.424,-2.846],[123.672,-3.094],[123.706,-3.941],[123.458,-4.576],[123.5218,-4.5892]]}},{"type":"Feature","properties":{"name":"Trobriand Trough"},"geometry":{"type":"LineString","coordinates":[[148.5977,-7.3896],[148.587,-7.395],[148.587,-7.395],[148.733,-7.475],[148.944,-7.607],[149.148,-7.665],[149.334,-7.665],[149.609,-7.624],[149.866,-7.612],[150.173,-7.629],[150.555,-7.687],[150.917,-7.757],[151.307,-7.852],[151.68,-7.955],[152.062,-8.104],[152.411,-8.26],[152.685,-8.388],[152.959,-8.544],[153.108,-8.684],[153.17,-8.783],[153.237,-8.89],[153.255,-9.186],[153.2705,-9.1783]]}},{"type":"Feature","properties":{"name":"Woodlark Basin Spreading System"},"geometry":{"type":"MultiLineString","coordinates":[[[152.849,-10.088],[152.651,-10.078],[152.547,-10.056],[152.413,-10.047],[152.223,-10.039]],[[148.751,-9.57],[148.207,-9.212],[147.539,-8.886],[146.954,-8.598],[146.918,-8.41],[146.9165,-8.4091]],[[150.245,-9.945],[149.676,-9.801],[149.133,-9.353]],[[151.834,-9.761],[151.654,-9.76],[151.545,-9.676],[151.005,-9.681],[150.466,-9.687]],[[152.214,-9.945],[152.086,-9.944],[152.024,-9.942],[151.9351,-9.9319],[151.838,-9.906]],[[149.133,-9.353],[148.751,-9.57]],[[150.466,-9.687],[150.245,-9.945]],[[151.838,-9.906],[151.834,-9.761]],[[152.223,-10.039],[152.214,-9.945]],[[152.8556,-10.3822],[152.849,-10.088]]]}},{"type":"Feature","properties":{"name":"Xiangshuihe - Xiaojiang Fault System"},"geometry":{"type":"MultiLineString","coordinates":[[[102.281,29.3603],[102.5516,29.0266],[102.8131,28.5576],[102.8853,28.1156],[102.8673,27.385],[102.9124,27.0423],[103.0296,26.6995],[103.1288,26.4199],[103.183,26.2395],[103.21,26.1493],[103.3182,25.7615],[103.3082,25.5344],[103.3002,25.3556],[103.228,24.9948],[103.201,24.7874],[103.21,24.4446],[103.1739,24.2192],[103.1108,24.0839],[103.0027,24.0406],[102.9755,24.0298],[102.9124,23.9125],[102.9214,23.696],[102.8898,23.6014],[102.8673,23.5337]],[[99.7285,32.0571],[100.441,31.552],[101.0904,31.0109],[101.5775,30.5148],[101.9202,30.2442],[102.0916,29.9826],[102.2088,29.6579],[102.281,29.3603]],[[102.2489,29.2971],[102.263,29.1709],[102.2269,28.296],[102.2449,27.845],[102.3892,27.5654],[102.6147,27.2317],[102.8222,26.9882],[102.9183,26.9177],[102.964,26.8912]]]}}]}